Sat May 02 17:04:59 +0000 2015,Would kill to be graduating today! Jealous and happy for all my friends ! #OU #BobCats #‚úåÔ∏è
Sat May 02 17:04:32 +0000 2015,@annie_campy your Twitter cover photo/avi make you look too legit to quit. #yourock #donteverchange #proudbig #onemoreyear #hashtag #bobcats
Sat May 02 16:48:07 +0000 2015,http://t.co/EEkB0NdMH9: Gerald Henderson... http://t.co/cZpTIf5UPm #angeles #bobcats #charlotte #dwight #gerald #henderson #howard #lakers
Sat May 02 16:43:57 +0000 2015,My soccer set up.... I love to be organized #burlingtonsoccerclub #bobcats http://t.co/rqiijShVrl
Sat May 02 16:43:56 +0000 2015,Nice, @BruiserBobcat! You're top of #bobcats! Tired of your inbox being full of junk? Try Unroll.Me http://t.co/QS03eeF40m
Sat May 02 16:35:10 +0000 2015,Athletic formal with the only girl I can talk soccer with #Bobcats @ Heart. Effort. Pride. https://t.co/5ofglRgHbk
Sat May 02 16:33:38 +0000 2015,Walked home bare foot after falling asleep #Warrior #bobcats
Sat May 02 16:32:24 +0000 2015,RT @SweetcloverBCM: #Montana State #Bobcats Toddler Girl Dress Sz 2 Blue #MSU http://t.co/whs1Lrg0Wq via @eBay http://t.co/OGU6Kgsup5
Sat May 02 16:26:27 +0000 2015,RT @SweetcloverBCM: #Montana State #Bobcats Toddler Girl Dress Sz 2 Blue #MSU http://t.co/whs1Lrg0Wq via @eBay http://t.co/OGU6Kgsup5
Sat May 02 16:25:11 +0000 2015,RT @Med_Weight_Loss: Playoff East Miami vs Charlotte#NBAPlayoffs #NBA #MiamiHeat #Bobcats http://t.co/KvMnt3YfTy
Sat May 02 16:25:03 +0000 2015,RT @SweetcloverBCM: #Montana State #Bobcats Toddler Girl Dress Sz 2 Blue #MSU http://t.co/whs1Lrg0Wq via @eBay http://t.co/OGU6Kgsup5
Sat May 02 16:17:06 +0000 2015,Touring @txst! Hopefully there's some future #Bobcats in this pic.#TRIOWorks http://t.co/L4qeP4LNnG
Sat May 02 15:31:04 +0000 2015,Nico Vecchio's second goal of the night, assisted by Maroadi! #Bobcats #HailToPitt https://t.co/dv6hPuZaXF
Sat May 02 15:29:47 +0000 2015,I DID IT! #ohiouniversityalumni #ohiograd2015 #bobcats https://t.co/sY7z7jMvy2
Sat May 02 15:18:00 +0000 2015,#Bobcats welcome here! http://t.co/4MbeXpZo3u
Sat May 02 15:17:32 +0000 2015,Mrs. O spotted. #bobcats
Sat May 02 14:59:09 +0000 2015,@BestAnimalPhoto Congrats, top of #bobcats! Unroll.Me can simplify your email's inbox. http://t.co/QS03eeF40m
Sat May 02 14:58:47 +0000 2015,RT @BruiserBobcat: Good luck to @UPGBaseball &amp; @UPGSB today. Both @ 11AM. Check out @upgbobcats for streams! #h2pg #bobcats #playoffs
Sat May 02 14:55:48 +0000 2015,RT @BestAnimalPhoto: Did anyone spend a little time at the local watering hole last night? #photography #animals #Bobcats #wildlife http://‚Ä¶
Sat May 02 14:55:09 +0000 2015,Did anyone spend a little time at the local watering hole last night? #photography #animals #Bobcats #wildlife http://t.co/lqk56bD7sq
Sat May 02 14:51:02 +0000 2015,#lebronjames pays homage to the legend #michaeljordan after the #miamiheats sweep #bobcats
Sat May 02 14:48:22 +0000 2015,Beautiful weather today#nike #airjordan7 #barcelonadays #bobcats http://t.co/1ZyzxLSOl1
Sat May 02 14:43:53 +0000 2015,Your 2015 Under 11 #bobcats! https://t.co/5w2Ybt2Y6J
Sat May 02 14:31:12 +0000 2015,RT @BruiserBobcat: Good luck to @UPGBaseball &amp; @UPGSB today. Both @ 11AM. Check out @upgbobcats for streams! #h2pg #bobcats #playoffs
Sat May 02 13:51:30 +0000 2015,Good luck to @UPGBaseball &amp; @UPGSB today. Both @ 11AM. Check out @upgbobcats for streams! #h2pg #bobcats #playoffs
Sat May 02 13:40:28 +0000 2015,RT @ohiou: It's almost time, #Bobcats! The first Undergraduate Commencement Ceremony starts at 9:30 a.m.! #OHIOGrad2015
Sat May 02 13:34:27 +0000 2015,RT @ohiou: It's almost time, #Bobcats! The first Undergraduate Commencement Ceremony starts at 9:30 a.m.! #OHIOGrad2015
Sat May 02 13:32:01 +0000 2015,@ohiou Top #bobcats influencer! Want to declutter you inbox quickly? Unroll.Me can help: http://t.co/QS03eeF40m
Sat May 02 13:20:09 +0000 2015,RT @ohiou: It's almost time, #Bobcats! The first Undergraduate Commencement Ceremony starts at 9:30 a.m.! #OHIOGrad2015
Sat May 02 13:13:33 +0000 2015,RT @ohiou: It's almost time, #Bobcats! The first Undergraduate Commencement Ceremony starts at 9:30 a.m.! #OHIOGrad2015
Sat May 02 13:10:54 +0000 2015,RT @ohiou: It's almost time, #Bobcats! The first Undergraduate Commencement Ceremony starts at 9:30 a.m.! #OHIOGrad2015
Sat May 02 13:08:46 +0000 2015,RT @ohiou: It's almost time, #Bobcats! The first Undergraduate Commencement Ceremony starts at 9:30 a.m.! #OHIOGrad2015
Sat May 02 13:07:54 +0000 2015,http://t.co/EEkB0NdMH9: |HD| Pau Gasol's... http://t.co/rDJ5jxDwfK #bobcats #charlotte #december #gasol #lakers #marvellous #timberwolves
Sat May 02 13:00:55 +0000 2015,It's almost time, #Bobcats! The first Undergraduate Commencement Ceremony starts at 9:30 a.m.! #OHIOGrad2015
Sat May 02 12:42:21 +0000 2015,RT @JackieosBrewery: Grad day for the #Bobcats. Congrats on your hard work! Celebrate with your family at #JackieOs- we will be open at all‚Ä¶
Sat May 02 12:21:09 +0000 2015,Congratulations to all the #Bobcats that are graduating from @OhioU today! It's the most gratifying yet heart-breaking day ever. üíö
Sat May 02 12:15:06 +0000 2015,RT @JackieosBrewery: Grad day for the #Bobcats. Congrats on your hard work! Celebrate with your family at #JackieOs- we will be open at all‚Ä¶
Sat May 02 12:07:31 +0000 2015,Grad day for the #Bobcats. Congrats on your hard work! Celebrate with your family at #JackieOs- we will be open at all 3 locations today.
Sat May 02 09:51:20 +0000 2015,http://t.co/EEkB0NdMH9: Dwyane Wade and... http://t.co/YFkVjlWqCp #bobcats #charlotte #combined #dwyane #highlights #james #lebron #wade
Sat May 02 09:03:10 +0000 2015,http://t.co/EEkB0NdMH9:... http://t.co/CdGAzLDzhs #bobcats #cavaliers #cleveland #gerald #henderson #impossible #january #timberwolves
Sat May 02 08:38:49 +0000 2015,#Fairhope 12-5 Theodore 4-4 Surgin Pirates end #Bobcats bannr season  http://t.co/zzJkyI5012 #FridayThePirates #KyleBayley
Sat May 02 08:13:17 +0000 2015,‚ñà‚ñÄ‚ñà‚ïó‚ïî‚ñÄ‚ïî‚ïó‚ñÄ‚ñà‚ñÄ‚ñà‚ïî‚ïó‚ï¶‚ïó‚ïî‚ïó‚ïî‚ïó‚ïî‚ï¶‚ïó‚ïî‚ïó ‚ñà‚ñë‚ñà‚ï†‚ï£‚ïë‚ïë‚ïë‚ñë‚ñà‚ñÄ‚ñà‚ïë‚ïë‚ï†‚ï£‚ïë‚ñë‚ï†‚ï£‚ñë‚ïë‚ñë‚ïö‚ïó ‚ñà‚ñÑ‚ñà‚ïù‚ïö‚ï©‚ïö‚ïù‚ñÑ‚ñà‚ñÑ‚ñà‚ïö‚ïù‚ï©‚ïù‚ïö‚ïù‚ïù‚ïö‚ñë‚ï©‚ñë‚ïö‚ïù#Ohio #Bobcats #CollegeFootball http://t.co/uXMD9GDy6z
Sat May 02 07:01:03 +0000 2015,... http://t.co/i3Q2n478Je #bobcats #carter #charlotte #crossover #january #killer #ricky #rubio #sixers #timberwolves #williams
Sat May 02 06:33:18 +0000 2015,RT @eemilyjunee: Update: I LOVE GUNGA #bobcats #alwaysontheprowl http://t.co/bKAf5xc9Sr
Sat May 02 06:12:02 +0000 2015,http://t.co/EEkB0NdMH9: Charlotte Bobcats vs Utah Jazz 2013.12.30 http://t.co/nTEb7Fjb8V #bobcats #charlotte #jazz #utah
Sat May 02 05:33:25 +0000 2015,#Fairhope 12-5 Theodore 4-4 Surgin Pirates end #Bobcats bannr season  http://t.co/1GOPmERSjA #FridayThePirates #KyleBayley
Sat May 02 05:29:51 +0000 2015,#Fairhope 12-5 Theodore 4-4 Surgin Pirates end #Bobcats bannr season  http://t.co/D81RM735fA #FridayThePirates #KyleBayley
Sat May 02 05:08:34 +0000 2015,#Fairhope 12-5 Theodore 4-4 Surgin Pirates end #Bobcats bannr season  http://t.co/kmbM5WuFjU #FridayThePirates #KyleBayley
Sat May 02 04:32:35 +0000 2015,High School Sports Update 05.01.15: ... West Charlotte basketball: 6-foot-8 senior center ... http://t.co/WSyCYRhH8I #Charlotte #Bobcats
Sat May 02 04:32:13 +0000 2015,@BillWiles1 @tng8r Moved to Alachua from St. Pete in '74. Proud Santa Fe grad way back in 1982. #Raiders #Bobcats
Sat May 02 04:31:43 +0000 2015,RT @showtimetez1: Pround to announce I've received my first offer from Ohio University #blessed #Bobcats http://t.co/8dyY99TOhR
Sat May 02 04:25:37 +0000 2015,Thanks @CoachTArcher for coming to San Angelo today and talking with me! #Bobcats #Bearkats
Sat May 02 04:13:34 +0000 2015,RT @showtimetez1: Pround to announce I've received my first offer from Ohio University #blessed #Bobcats http://t.co/8dyY99TOhR
Sat May 02 04:06:53 +0000 2015,RT @showtimetez1: Pround to announce I've received my first offer from Ohio University #blessed #Bobcats http://t.co/8dyY99TOhR
Sat May 02 03:49:23 +0000 2015,@CM_Lockdown25 Just watched #NFL highlight. #Bobcats #TXST @Chargers @TXST @Brant_Freeman I loved the So. Miss Clip. http://t.co/mSbvtUWej0
Sat May 02 03:39:34 +0000 2015,@TXSTATEBOBCATS @CM_Lockdown25 @Chargers Awesome pickup. He will serve you well in the #NFL I loved watching him @txst Go #Bobcats
Sat May 02 03:02:54 +0000 2015,To all my fellow #Bobcats on the verge of graduating this year, hang in there! &amp; for anyone doubting‚Ä¶ https://t.co/p5228CjoEt
Sat May 02 02:59:23 +0000 2015,RTKXAN_News "RT ChrisTavarez: #TexasState's Craig Mager, a DB, drafted int he third round, 83rd overall pick, by San Diego. #Bobcats #NFL #‚Ä¶
Sat May 02 02:57:49 +0000 2015,Chargers Land CB Craig Mager in Third Round | San Diego Chargers - http://t.co/Sd0oYCJbGh #TXST #Bobcats #NFLDraft
Sat May 02 02:56:41 +0000 2015,http://t.co/EEkB0NdMH9: Globo carnaval 2014 pedido inusitado ao #vivo http://t.co/JZqgXyoqZz #bobcats #charlotte #globo
Sat May 02 02:56:02 +0000 2015,RT @ChrisTavarez: #TexasState's Craig Mager, a DB, drafted int he third round, 83rd overall pick, by San Diego. #Bobcats #NFL #NFLDraft
Sat May 02 02:47:58 +0000 2015,Holy s@$t! TEXAS STATE player Craig Mager drafted to San Diego in 3rd round! #TXST #Bobcats #NFLDraft
Sat May 02 02:46:54 +0000 2015,RT @CannonballPahl: 83rd overall to the Chargers! @CM_Lockdown25 #TXST #Bobcats #eatemup
Sat May 02 02:46:54 +0000 2015,RT @ChrisTavarez: #TexasState's Craig Mager, a DB, drafted int he third round, 83rd overall pick, by San Diego. #Bobcats #NFL #NFLDraft
Sat May 02 02:45:49 +0000 2015,83rd overall to the Chargers! @CM_Lockdown25 #TXST #Bobcats #eatemup
Sat May 02 02:44:07 +0000 2015,@xerxes4792 @hrulez_ @SanketIngale @ketanghotekar #Bobcats fear noone!üëΩüëäüèø whosoever it may beüëâüèª #dhamaal #ingaal #USCfanatic #WestCoastLover
Sat May 02 02:43:45 +0000 2015,#TXST player @CM_Lockdown25 just got drafted to the #Chargers!!!!!!! #NFLDraft #Bobcats
Sat May 02 02:42:52 +0000 2015,Texas State guy got drafted! #Bobcats
Sat May 02 02:42:35 +0000 2015,#TexasState's Craig Mager, a DB, drafted int he third round, 83rd overall pick, by San Diego. #Bobcats #NFL #NFLDraft
Sat May 02 01:54:58 +0000 2015,Way to go Sis! You're almost there! üòÄüéâ#TXSTRingCeremony #Bobcats #ProudBrother #FuturePT‚Ä¶ https://t.co/Aw1qdpEroy
Sat May 02 00:53:56 +0000 2015,RT @MissOsClass: #Bobcats http://t.co/fYZbL59Ctr
Sat May 02 00:31:42 +0000 2015,http://t.co/EEkB0NdMH9: Patrick... http://t.co/khJYHUPwdX #bobcats #bombs #charlotte #ewing #knicks #october #patrick #photo #preseason
Sat May 02 00:29:10 +0000 2015,RT @OnABlueMarble: Keep #Bobcats Protected! http://t.co/PYYvRlf33S üòΩ Beautiful #Arizona #Caturday@devrahall4ever2 @peta @goconstance http‚Ä¶
Sat May 02 00:21:22 +0000 2015,RT @RaeMiller2: Congrats OU mens lax team for their win today over UC ending the season undefeated #Bobcats #OU #lacrosse http://t.co/FNYy8‚Ä¶
Sat May 02 00:21:03 +0000 2015,RT @MemorialPISD: @MemorialPISD we do whatever it takes to get our #Bobcats to learn Great job @the_seema_shah  #BaseballSpellingGame http:‚Ä¶
Sat May 02 00:18:28 +0000 2015,RT @showtimetez1: Pround to announce I've received my first offer from Ohio University #blessed #Bobcats http://t.co/8dyY99TOhR
Sat May 02 00:04:45 +0000 2015,RT @showtimetez1: Pround to announce I've received my first offer from Ohio University #blessed #Bobcats http://t.co/8dyY99TOhR
Sat May 02 00:00:31 +0000 2015,RT @showtimetez1: Pround to announce I've received my first offer from Ohio University #blessed #Bobcats http://t.co/8dyY99TOhR
Fri May 01 23:54:29 +0000 2015,RT @showtimetez1: Pround to announce I've received my first offer from Ohio University #blessed #Bobcats http://t.co/8dyY99TOhR
Fri May 01 23:54:16 +0000 2015,@khanvey1 no problem! Great game! The winning hit &amp; coming in to pitch for the first time in 2 years - well done! #Bobcats ‚öæÔ∏è‚öæÔ∏è
Fri May 01 23:48:53 +0000 2015,I still ain't even wear these or the #Bobcats 7's..... Not even sure if I want them.... Why did I buy smh... http://t.co/LPG1a3Hk61
Fri May 01 23:42:17 +0000 2015,RT @showtimetez1: Pround to announce I've received my first offer from Ohio University #blessed #Bobcats http://t.co/8dyY99TOhR
Fri May 01 23:39:05 +0000 2015,RT @KadeFallsDown: @msumenslax LETS GO CATS! The Bobcats back home in Bozeman are all rooting for you! #RMLC #Bobcats #SuddenDeath
Fri May 01 23:37:08 +0000 2015,RT @showtimetez1: Pround to announce I've received my first offer from Ohio University #blessed #Bobcats http://t.co/8dyY99TOhR
Fri May 01 23:27:14 +0000 2015,RT @showtimetez1: Pround to announce I've received my first offer from Ohio University #blessed #Bobcats http://t.co/8dyY99TOhR
Fri May 01 23:21:06 +0000 2015,RT @showtimetez1: Pround to announce I've received my first offer from Ohio University #blessed #Bobcats http://t.co/8dyY99TOhR
Fri May 01 23:19:04 +0000 2015,http://t.co/EEkB0NdMH9: McRoberts #finds Henderson Nets... http://t.co/qfoLGfTNQb #bobcats #charlotte #henderson #march #mcroberts #nets
Fri May 01 23:09:45 +0000 2015,RT @showtimetez1: Pround to announce I've received my first offer from Ohio University #blessed #Bobcats http://t.co/8dyY99TOhR
Fri May 01 23:09:19 +0000 2015,Great time catching up with @Logan_Rivard today thanks for stopping by the store #Bobcats #WarriorPride
Fri May 01 23:04:59 +0000 2015,RT @BMESBobcats: Having lots of fun at Spring Fling 2015! #Bobcats rock! http://t.co/s9imrCZ5W2
Fri May 01 22:52:37 +0000 2015,#blueandgold for the Bozeman #Bobcats ! This week's #featuredframes at @eyesonmainmt http://t.co/GVmShkmWp9
Fri May 01 22:49:48 +0000 2015,RT @showtimetez1: Pround to announce I've received my first offer from Ohio University #blessed #Bobcats http://t.co/8dyY99TOhR
Fri May 01 22:45:49 +0000 2015,@showtimetez1 You're top of #bobcats! Want to declutter you inbox quickly? Try Unroll.Me: http://t.co/QS03eeF40m
Fri May 01 22:44:53 +0000 2015,RT @showtimetez1: Pround to announce I've received my first offer from Ohio University #blessed #Bobcats http://t.co/8dyY99TOhR
Fri May 01 22:41:04 +0000 2015,RT @showtimetez1: Pround to announce I've received my first offer from Ohio University #blessed #Bobcats http://t.co/8dyY99TOhR
Fri May 01 22:40:27 +0000 2015,@msumenslax LETS GO CATS! The Bobcats back home in Bozeman are all rooting for you! #RMLC #Bobcats #SuddenDeath
Fri May 01 22:21:54 +0000 2015,Having lots of fun at Spring Fling 2015! #Bobcats rock! http://t.co/s9imrCZ5W2
Fri May 01 21:51:53 +0000 2015,One year later and still the best decision I ever made. #CollegeDecisionDay #nyu2018 #Bobcats üíú http://t.co/Lz3WpLIu68
Fri May 01 21:37:28 +0000 2015,RT @showtimetez1: Pround to announce I've received my first offer from Ohio University #blessed #Bobcats http://t.co/8dyY99TOhR
Fri May 01 21:35:24 +0000 2015,AldenLibDigital: Congratulations ohiou seniors! http://t.co/tQEsC4sEeP Go #Bobcats!
