Sat May 02 17:05:31 +0000 2015,RT @KyriesHead: @cavs_mania @Cleveland_Fanz @SC_Cleveland I cannot wait for this series! Step 2! #CavsMania #Cavs http://t.co/axAfGQgrEU
Sat May 02 17:04:46 +0000 2015,RT @KyriesHead: @cavs_mania @Cleveland_Fanz @SC_Cleveland I cannot wait for this series! Step 2! #CavsMania #Cavs http://t.co/axAfGQgrEU
Sat May 02 17:04:15 +0000 2015,RT @KyriesHead: @cavs_mania @Cleveland_Fanz @SC_Cleveland I cannot wait for this series! Step 2! #CavsMania #Cavs http://t.co/axAfGQgrEU
Sat May 02 17:02:05 +0000 2015,RT @KyriesHead: @cavs_mania @Cleveland_Fanz @SC_Cleveland I cannot wait for this series! Step 2! #CavsMania #Cavs http://t.co/axAfGQgrEU
Sat May 02 17:02:00 +0000 2015,RT @canalspace: ¬°Pr√≥ximo juego por la #NBAenSPACE confirmado! Semifinales a la vista: #BULLS vs #CAVS el LUNES (7PM ET) http://t.co/qPUp8yI‚Ä¶
Sat May 02 16:59:14 +0000 2015,For Sale $249 OBO: #Nike Kyrie 1 "Brotherhood" Size 10 Deadstock #Cavs #Lebron #Duke  #Kyrie1 http://t.co/KPE6SQlHQS http://t.co/TlNVoFguq4
Sat May 02 16:59:05 +0000 2015,For Sale $249 OBO: #Nike Kyrie 1 "Brotherhood" Size 10 Deadstock #Cavs #Lebron #Duke  #Kyrie1 http://t.co/KPE6SQlHQS http://t.co/sQ4Xc3TfqG
Sat May 02 16:58:56 +0000 2015,For Sale $249 OBO: #Nike Kyrie 1 "Brotherhood" Size 10 Deadstock #Cavs #Lebron #Duke  #Kyrie1 http://t.co/KPE6SQlHQS http://t.co/XL8BXt8Iam
Sat May 02 16:58:49 +0000 2015,For Sale $249 OBO: #Nike Kyrie 1 "Brotherhood" Size 10 Deadstock #Cavs #Lebron #Duke  #Kyrie1 http://t.co/KPE6SQlHQS http://t.co/ThIL9Lljni
Sat May 02 16:58:42 +0000 2015,For Sale $249 OBO: #Nike Kyrie 1 "Brotherhood" Size 10 Deadstock #Cavs #Lebron #Duke  #Kyrie1 http://t.co/KPE6SQ46Zk http://t.co/yBBrch97LB
Sat May 02 16:58:38 +0000 2015,RT @KyriesHead: @cavs_mania @Cleveland_Fanz @SC_Cleveland I cannot wait for this series! Step 2! #CavsMania #Cavs http://t.co/axAfGQgrEU
Sat May 02 16:57:19 +0000 2015,@AdamtheBullFAN  With the K-Love injury a lot of the experts have jumped off the #Cavs bandwagon and picking the #Bulls to beat them...
Sat May 02 16:56:21 +0000 2015,#NBA: #Cavs win in return to playoffs http://t.co/cKWQEncPaY
Sat May 02 16:56:01 +0000 2015,#Cavs win in return to #NBA playoffs http://t.co/rC8vkbYTzE
Sat May 02 16:52:20 +0000 2015,#SanLorenzo -#V√©lez(#CAVS) protagonizar√°n un #DueloPorte√±o: http://t.co/RQOPNXnIQB
Sat May 02 16:51:01 +0000 2015,The #Cavs have been put on notice...#BullsNation #DerrickRose #WeBelieve. http://t.co/g0tmBXtAUs
Sat May 02 16:50:42 +0000 2015,RT @Cavs_Mania: REPORT: LaMarcus Aldridge interested in joining #Cavs.RT if you know @aldridge_12 would be great here!#CavsMania http:/‚Ä¶
Sat May 02 16:50:20 +0000 2015,RT @KyriesHead: @cavs_mania @Cleveland_Fanz @SC_Cleveland I cannot wait for this series! Step 2! #CavsMania #Cavs http://t.co/axAfGQgrEU
Sat May 02 16:49:54 +0000 2015,RT @OGrady050: @JohnnyFaddoul dude that's horse shit. Can't wait for this series to start.  Been too long #Cavs #fucknoah #fuckolynyk
Sat May 02 16:48:16 +0000 2015,@JohnnyFaddoul dude that's horse shit. Can't wait for this series to start.  Been too long #Cavs #fucknoah #fuckolynyk
Sat May 02 16:48:01 +0000 2015,RT @Cavs_Mania: REPORT: LaMarcus Aldridge interested in joining #Cavs.RT if you know @aldridge_12 would be great here!#CavsMania http:/‚Ä¶
Sat May 02 16:46:34 +0000 2015,Cleveland Cavaliers have Terry Talkin' about Kevin Love's contract and the playoffs -- Terry Pluto ... http://t.co/WpW0Z2Cczw #Cavs #NBA
Sat May 02 16:46:34 +0000 2015,RT @Cavs_Mania: REPORT: LaMarcus Aldridge interested in joining #Cavs.RT if you know @aldridge_12 would be great here!#CavsMania http:/‚Ä¶
Sat May 02 16:45:51 +0000 2015,With #Cavs vs. #Bulls on the horizon, we ask -- is this the year the Bulls beat LeBron? #nba http://t.co/4YQwah9s8E http://t.co/FHkwAZl5DF
Sat May 02 16:45:35 +0000 2015,Tabla de posiciones #PrimeraDivisi√≥n#Boca #River #SanLorenzo #AAAJ #V√©lez(#CAVS) #Hurac√°n #NuevaChicago(#CANCH) http://t.co/ogRsujvCnc
Sat May 02 16:44:27 +0000 2015,Check out this vintage Cleveland Cavaliers program book on eBay: http://t.co/a9CeAoIpHt #Cleveland #Cavs
Sat May 02 16:43:27 +0000 2015,@Bottlegate Congrats, top of #cavs! Unroll.Me can simplify your email's inbox. http://t.co/hDk5ZVDhiz
Sat May 02 16:41:23 +0000 2015,What a sports day!  Would be even more perfect if the #Cavs were playing
Sat May 02 16:39:41 +0000 2015,RT @Cavs_Mania: REPORT: LaMarcus Aldridge interested in joining #Cavs.RT if you know @aldridge_12 would be great here!#CavsMania http:/‚Ä¶
Sat May 02 16:39:20 +0000 2015,#TeamLebron #StriveForGreatness #LeBronJames #Cleveland #Cavs #ClevelandCavaliers #CavsMania #CavsNation http://t.co/toCVwDg1zj
Sat May 02 16:39:20 +0000 2015,#Cleveland #Cavs #ClevelandCavaliers #AllforOne #NBA #Basketball #CavsNation #CavsMania Please RT http://t.co/YpY3PqUjub
Sat May 02 16:39:19 +0000 2015,#Cleveland #Cavs #ClevelandCavaliers #AllforOne #NBA #Basketball Follow http://t.co/KRLxbctrht Please RT http://t.co/f7u1885Qts
Sat May 02 16:39:18 +0000 2015,#Cavs #AllforOne #AllforCle #ThisisCLE #Cleveland #Cavaliers #LebronJames #KyrieIrving #UncleDrew #KevinLove http://t.co/A2913HT5m4
Sat May 02 16:38:20 +0000 2015,RT @Lakers_FZ: #Cavs win in #NBA return to playoffs http://t.co/KPZYB8WyON
Sat May 02 16:38:09 +0000 2015,http://t.co/JieEEyasnd Warriors GM Bob Myers voted NBA 's executive of the year (The  #CAVS #NBA http://t.co/dR4o1eYjed
Sat May 02 16:37:08 +0000 2015,#ClevelandCavaliers #cleveland #cavs New Cleveland Cavaliers Rumors. Saturday, May 2 2015 http://t.co/ckZFAnetpT
Sat May 02 16:35:53 +0000 2015,Another great series. #Cavs in 6. Bulls get another playoff shot at archrivals LeBron, Cavs via @nba http://t.co/mmvMCmRfbq
Sat May 02 16:34:53 +0000 2015,RT @Bottlegate: Mail Kevin Love your well wishes in the "Send Love Some Love" campaign http://t.co/KlXviR4Zao #cavs #GoCavs http://t.co/xAd‚Ä¶
Sat May 02 16:34:28 +0000 2015,#Cavs win in #NBA return to playoffs http://t.co/KPZYB8WyON
Sat May 02 16:32:27 +0000 2015,RT @KyriesHead: @cavs_mania @Cleveland_Fanz @SC_Cleveland I cannot wait for this series! Step 2! #CavsMania #Cavs http://t.co/axAfGQgrEU
Sat May 02 16:31:02 +0000 2015,RT @Bottlegate: Mail Kevin Love your well wishes in the "Send Love Some Love" campaign http://t.co/KlXviR4Zao #cavs #GoCavs http://t.co/xAd‚Ä¶
Sat May 02 16:30:16 +0000 2015,RT @Bottlegate: Mail Kevin Love your well wishes in the "Send Love Some Love" campaign http://t.co/KlXviR4Zao #cavs #GoCavs http://t.co/xAd‚Ä¶
Sat May 02 16:30:08 +0000 2015,@BillSimmons #Cavs
Sat May 02 16:29:00 +0000 2015,RT @Cavs_Mania: REPORT: LaMarcus Aldridge interested in joining #Cavs.RT if you know @aldridge_12 would be great here!#CavsMania http:/‚Ä¶
Sat May 02 16:27:58 +0000 2015,#d1lockermedia Inspiration --#Nike #ballislife ##Nike #ballislife #basketball #cavs #spurs #basketballshoe #swift‚Ä¶ http://t.co/WdlTmGT1Xl
Sat May 02 16:26:18 +0000 2015,RT @Bottlegate: Mail Kevin Love your well wishes in the "Send Love Some Love" campaign http://t.co/KlXviR4Zao #cavs #GoCavs http://t.co/xAd‚Ä¶
Sat May 02 16:26:04 +0000 2015,RT @KyriesHead: @cavs_mania @Cleveland_Fanz @SC_Cleveland I cannot wait for this series! Step 2! #CavsMania #Cavs http://t.co/axAfGQgrEU
Sat May 02 16:24:06 +0000 2015,RT @KyriesHead: @cavs_mania @Cleveland_Fanz @SC_Cleveland I cannot wait for this series! Step 2! #CavsMania #Cavs http://t.co/axAfGQgrEU
Sat May 02 16:23:33 +0000 2015,Psssst Browns ‚Äì this should be your next pick. #ALLinCLE http://t.co/n1cEGEn0lG #Cavs
Sat May 02 16:23:09 +0000 2015,RT @Bottlegate: Mail Kevin Love your well wishes in the "Send Love Some Love" campaign http://t.co/KlXviR4Zao #cavs #GoCavs http://t.co/xAd‚Ä¶
Sat May 02 16:23:01 +0000 2015,RT @Cavs_Mania: REPORT: LaMarcus Aldridge interested in joining #Cavs.RT if you know @aldridge_12 would be great here!#CavsMania http:/‚Ä¶
Sat May 02 16:18:54 +0000 2015,http://t.co/RkkczuLcyo [NBA] - Spurs vs Clippers Preview 5/2/15  #Cavs http://t.co/j9hh83tQrP
Sat May 02 16:18:39 +0000 2015,RT @KyriesHead: @cavs_mania @Cleveland_Fanz @SC_Cleveland I cannot wait for this series! Step 2! #CavsMania #Cavs http://t.co/axAfGQgrEU
Sat May 02 16:16:57 +0000 2015,#Sprint #Cavs Its Bron and Kyrie. Come visit our store South Euclid location for great deals! https://t.co/EREGR0ZKtD
Sat May 02 16:15:03 +0000 2015,#NBA J.R. Smith suspendido y sin sueldo http://t.co/NyYS8Rhs5x  #cavs http://t.co/gWOoSATF6p
Sat May 02 16:14:32 +0000 2015,RT @Bottlegate: Mail Kevin Love your well wishes in the "Send Love Some Love" campaign http://t.co/KlXviR4Zao #cavs #GoCavs http://t.co/xAd‚Ä¶
Sat May 02 16:13:14 +0000 2015,RT @KyriesHead: @cavs_mania @Cleveland_Fanz @SC_Cleveland I cannot wait for this series! Step 2! #CavsMania #Cavs http://t.co/axAfGQgrEU
Sat May 02 16:12:59 +0000 2015,RT @Bottlegate: Mail Kevin Love your well wishes in the "Send Love Some Love" campaign http://t.co/KlXviR4Zao #cavs #GoCavs http://t.co/xAd‚Ä¶
Sat May 02 16:12:18 +0000 2015,RT @Bottlegate: Mail Kevin Love your well wishes in the "Send Love Some Love" campaign http://t.co/KlXviR4Zao #cavs #GoCavs http://t.co/xAd‚Ä¶
Sat May 02 16:12:03 +0000 2015,#Cavs win in return to playoffs #NBA http://t.co/UTdIb2mquZ
Sat May 02 16:11:30 +0000 2015,RT @Bottlegate: Mail Kevin Love your well wishes in the "Send Love Some Love" campaign http://t.co/KlXviR4Zao #cavs #GoCavs http://t.co/xAd‚Ä¶
Sat May 02 16:10:49 +0000 2015,RT @KyriesHead: @cavs_mania @Cleveland_Fanz @SC_Cleveland I cannot wait for this series! Step 2! #CavsMania #Cavs http://t.co/axAfGQgrEU
Sat May 02 16:10:40 +0000 2015,#Cavs Tweets: Psssst @Browns ‚Äì this should be your next pick. #ALLinCLE‚Ä¶ #NBA http://t.co/QRlj2ZhKKJ http://t.co/3DnVLQbVWN
Sat May 02 16:08:16 +0000 2015,RT @Bottlegate: Mail Kevin Love your well wishes in the "Send Love Some Love" campaign http://t.co/KlXviR4Zao #cavs #GoCavs http://t.co/xAd‚Ä¶
Sat May 02 16:08:10 +0000 2015,RT @KyriesHead: @cavs_mania @Cleveland_Fanz @SC_Cleveland I cannot wait for this series! Step 2! #CavsMania #Cavs http://t.co/axAfGQgrEU
Sat May 02 16:08:09 +0000 2015,#Cavs #cavaliers #ClevelandCavaliers Central Notes: Middleton, Love, Butler http://t.co/K9wTksyUTk
Sat May 02 16:07:05 +0000 2015,RT @KyriesHead: @cavs_mania @Cleveland_Fanz @SC_Cleveland I cannot wait for this series! Step 2! #CavsMania #Cavs http://t.co/axAfGQgrEU
Sat May 02 16:05:17 +0000 2015,RT @1tomvalentino: *1* of these earned a suspension. Never change, @NBA. #Cavs #Bullshttps://t.co/YUdVccTYSThttps://t.co/llP6Dj88akhttp‚Ä¶
Sat May 02 16:05:09 +0000 2015,RT @KyriesHead: @cavs_mania @Cleveland_Fanz @SC_Cleveland I cannot wait for this series! Step 2! #CavsMania #Cavs http://t.co/axAfGQgrEU
Sat May 02 16:04:42 +0000 2015,RT @NewYorkBrass: #ALLinCLE  Checkout AWESOME new @cavs Anthem! "The #Cavs are in #TheLand https://t.co/qJpBrGj0FM#StooshPR
Sat May 02 16:04:18 +0000 2015,Thats cray how mike dunlevey aint get suspended but jr do i lost all my respect 4 adam silver now #Cavs #nbaplayoffs
Sat May 02 16:02:39 +0000 2015,RT @DawkinsMTA: #Bulls-#Cavs Preview: @drose vs @KyrieIrving Full Highlights NBA PS 2014.10.20 - 58 Pts Combined!http://t.co/lUKrS7iY6Q
Sat May 02 16:02:31 +0000 2015,TSF RADIO: Talking #Browns, #NFLDraft w/@jeffdgorman @browns_101, talking #Indians, #Cavs w/@didtribewin &amp; more -&gt; https://t.co/WDPFoc1CwU
Sat May 02 16:01:53 +0000 2015,RT @KyriesHead: @cavs_mania @Cleveland_Fanz @SC_Cleveland I cannot wait for this series! Step 2! #CavsMania #Cavs http://t.co/axAfGQgrEU
Sat May 02 16:01:27 +0000 2015,#FollowSaturday #Cavs @Matrix31 @MikeMiller_13 @KevinLove @KingJames @DG_Riff @CavsDan @CavsTeamShop @Cavs @TheQArena
Sat May 02 16:01:19 +0000 2015,#FollowSaturday #Cavs @VarejaoAnderson @JoeHarrisUVA @MatthewDelly @KyrieIrving @RealTristan13 @TheRealJRSmith @I_Am_Iman @KendrickPerkins
Sat May 02 16:01:08 +0000 2015,RT @DawkinsMTA: #Bulls-#Cavs Preview: @drose vs @KyrieIrving Full Highlights NBA PS 2014.10.20 - 58 Pts Combined!http://t.co/lUKrS7iY6Q
Sat May 02 16:00:51 +0000 2015,RT @KyriesHead: @cavs_mania @Cleveland_Fanz @SC_Cleveland I cannot wait for this series! Step 2! #CavsMania #Cavs http://t.co/axAfGQgrEU
Sat May 02 16:00:39 +0000 2015,http://t.co/RkkczuLcyo Nwt Boys NBA White Cleveland Cavaliers Tshirt Youth Small Fan App #Cavs http://t.co/LWNbgyWgla
Sat May 02 16:00:21 +0000 2015,RT @KyriesHead: @cavs_mania @Cleveland_Fanz @SC_Cleveland I cannot wait for this series! Step 2! #CavsMania #Cavs http://t.co/axAfGQgrEU
Sat May 02 15:59:56 +0000 2015,Playoffs time, Boston Celtics/ Cleveland Cavaliers ! # NBA #Basketball #USA #Cavs #LBj http://t.co/o8icCSOTYf
Sat May 02 15:59:51 +0000 2015,RT @Bottlegate: Mail Kevin Love your well wishes in the "Send Love Some Love" campaign http://t.co/KlXviR4Zao #cavs #GoCavs http://t.co/xAd‚Ä¶
Sat May 02 15:59:28 +0000 2015,RT @KyriesHead: @cavs_mania @Cleveland_Fanz @SC_Cleveland I cannot wait for this series! Step 2! #CavsMania #Cavs http://t.co/axAfGQgrEU
Sat May 02 15:58:47 +0000 2015,One more gala pls üôè *insert @casseeeeyyyy* #cavs https://t.co/55En8XKx0F
Sat May 02 15:58:39 +0000 2015,RT @Bottlegate: Mail Kevin Love your well wishes in the "Send Love Some Love" campaign http://t.co/KlXviR4Zao #cavs #GoCavs http://t.co/xAd‚Ä¶
Sat May 02 15:58:07 +0000 2015,RT @Bottlegate: Mail Kevin Love your well wishes in the "Send Love Some Love" campaign http://t.co/KlXviR4Zao #cavs #GoCavs http://t.co/xAd‚Ä¶
Sat May 02 15:56:23 +0000 2015,RT @KyriesHead: @cavs_mania @Cleveland_Fanz @SC_Cleveland I cannot wait for this series! Step 2! #CavsMania #Cavs http://t.co/axAfGQgrEU
Sat May 02 15:56:15 +0000 2015,RT @Cavs_Mania: REPORT: LaMarcus Aldridge interested in joining #Cavs.RT if you know @aldridge_12 would be great here!#CavsMania http:/‚Ä¶
Sat May 02 15:56:14 +0000 2015,RT @KyriesHead: @cavs_mania @Cleveland_Fanz @SC_Cleveland I cannot wait for this series! Step 2! #CavsMania #Cavs http://t.co/axAfGQgrEU
Sat May 02 15:56:00 +0000 2015,RT @KyriesHead: @cavs_mania @Cleveland_Fanz @SC_Cleveland I cannot wait for this series! Step 2! #CavsMania #Cavs http://t.co/axAfGQgrEU
Sat May 02 15:54:57 +0000 2015,RT @Cavs_Mania: REPORT: LaMarcus Aldridge interested in joining #Cavs.RT if you know @aldridge_12 would be great here!#CavsMania http:/‚Ä¶
Sat May 02 15:54:35 +0000 2015,RT @KyriesHead: @cavs_mania @Cleveland_Fanz @SC_Cleveland I cannot wait for this series! Step 2! #CavsMania #Cavs http://t.co/axAfGQgrEU
Sat May 02 15:54:30 +0000 2015,RT @KyriesHead: @cavs_mania @Cleveland_Fanz @SC_Cleveland I cannot wait for this series! Step 2! #CavsMania #Cavs http://t.co/axAfGQgrEU
Sat May 02 15:54:26 +0000 2015,RT @KyriesHead: @cavs_mania @Cleveland_Fanz @SC_Cleveland I cannot wait for this series! Step 2! #CavsMania #Cavs http://t.co/axAfGQgrEU
Sat May 02 15:54:12 +0000 2015,RT @KyriesHead: @cavs_mania @Cleveland_Fanz @SC_Cleveland I cannot wait for this series! Step 2! #CavsMania #Cavs http://t.co/axAfGQgrEU
Sat May 02 15:53:35 +0000 2015,RT @Bottlegate: Mail Kevin Love your well wishes in the "Send Love Some Love" campaign http://t.co/KlXviR4Zao #cavs #GoCavs http://t.co/xAd‚Ä¶
Sat May 02 15:53:32 +0000 2015,RT @KyriesHead: @cavs_mania @Cleveland_Fanz @SC_Cleveland I cannot wait for this series! Step 2! #CavsMania #Cavs http://t.co/axAfGQgrEU
Sat May 02 15:53:28 +0000 2015,RT @AndyResnik: If the Bulls want an 80s or 90s style series against the #Cavs, they better hope Derrick Rose's knees stay away from Kendri‚Ä¶
Sat May 02 15:53:21 +0000 2015,RT @mscotton82: I nominate #cavs organization to hold a lottery for fans to win 4 courtside tix to the #finals (all home games) #ALLIN #Cav‚Ä¶
Sat May 02 15:53:07 +0000 2015,RT @KyriesHead: @cavs_mania @Cleveland_Fanz @SC_Cleveland I cannot wait for this series! Step 2! #CavsMania #Cavs http://t.co/axAfGQgrEU
