Sat May 02 17:11:58 +0000 2015,Can't remember a day of sports like todays!!! Derby,Game 7 &amp; best fight in my 38 yrs!!! #MayPac #KyDerby #Clippers http://t.co/AdMpC432ww
Sat May 02 17:11:02 +0000 2015,RT @miteshdesai: @LBinTheseTweets @marchingAnt21 #MoneyMayweather #clippers #CarpeDiem #MayweatherPacquiao #CLIPPERSvSPURS #KENTUCKYDERBY p‚Ä¶
Sat May 02 17:09:22 +0000 2015,I'm just tryna watch game 7 and the fight #Clippers #MoneyMayweather
Sat May 02 17:08:26 +0000 2015,RT @TOButchCarter: Will Pop, deploy foul DJ/Strategy over complete game to win game 7? I expect they will to force Doc, take him out of gam‚Ä¶
Sat May 02 17:08:19 +0000 2015,#laclippers #clippers #lac My favorite prop bets for Kentucky Derby, boxing, NBA playoffs -- NCB http://t.co/Zd88Tf9NUb
Sat May 02 17:08:19 +0000 2015,#laclippers #clippers #lac NBA Playoffs Clippers-Spurs Preview Round 1 Game 7: You Can Go Home Again http://t.co/qaSKyZ6Pre
Sat May 02 17:08:06 +0000 2015,L D #Sports #Goods Los Angeles #Clippers New Era 7 1/2 59FIFTY #NBA Playoffs Fitted Hats Current Logo #eBay‚Ä¶ http://t.co/dxnB6NnrA6
Sat May 02 17:07:20 +0000 2015,Should probably stay away from coffee today-- my heart's already overwhelmed üíô‚ù§Ô∏èüíô‚ù§Ô∏èüíô‚ù§Ô∏èüíô‚ù§Ô∏èüíô‚ù§Ô∏èüíô #game7 #CLIPPERS #BeatTheSpurs #LdotAdot
Sat May 02 17:06:52 +0000 2015,@CtdForza the #Clippers are a disgrace to the game of basketball. Pure Shit!
Sat May 02 17:06:35 +0000 2015,I'm more excited about #Clippers #Spurs Game 7 though.... #GoClippers
Sat May 02 17:04:38 +0000 2015,RT @FoxSportsWest: Confident #Clippers ready for Game 7 (4:30p, #PrimeTicket) ... Doc: 'It's good to be excited' http://t.co/H79LdlfQbG htt‚Ä¶
Sat May 02 17:04:07 +0000 2015,&amp; le voy a #Clippers üí™üí™
Sat May 02 17:04:07 +0000 2015,RT @JayPeeezyy: End of the Spurs era tonight #clippers
Sat May 02 17:03:53 +0000 2015,#Mayweather &amp; #Clippers Los Mioos Hoy &lt;3
Sat May 02 17:03:32 +0000 2015,RT @DailyHoopsNL: Leuk dat gevechtje tussen Mayweather Pacquiao maar het echte gevecht is natuurlijk game 7 van de #Clippers #Spurs serie! ‚Ä¶
Sat May 02 17:02:34 +0000 2015,TIX http://t.co/sel8MGm1yD 2 tickets Round 1 Los Angeles #Clippers vs SA Spurs HG4 5/2 Staples‚Ä¶ http://t.co/55fyU7HSME #Tickets #Ticket
Sat May 02 17:02:04 +0000 2015,TIX http://t.co/99Sdr28C3O 2 tickets Round 1 Los Angeles #Clippers vs SA Spurs HG4 5/2 Staples‚Ä¶ http://t.co/426sCD70bY #Tickets #Ticket
Sat May 02 17:01:54 +0000 2015,RT @DailyHoopsNL: Leuk dat gevechtje tussen Mayweather Pacquiao maar het echte gevecht is natuurlijk game 7 van de #Clippers #Spurs serie! ‚Ä¶
Sat May 02 17:01:16 +0000 2015,TIX http://t.co/uiKMIJY9v3 2 #Tickets Round 1 Los Angeles #Clippers vs SA Spurs HG4 5/2‚Ä¶ http://t.co/G5MYgiVC2u #Ticket #BasketBall
Sat May 02 17:00:06 +0000 2015,#Collectible #Buzz Adidas #NBA Los Angeles #Clippers Womens Fitted Fabulous Split-Neck Shirt NWT S http://t.co/v4ZAbYIINP #Forsale #onsale
Sat May 02 17:00:05 +0000 2015,#NBA #Clippers Los Angeles Clippers Snapback Hat http://t.co/wgULpOXSpk #BasketBall #Bargain
Sat May 02 16:59:36 +0000 2015,RT @FoxSportsWest: WATCH: How can #Clippers win today's Game 7 (4:30p, #PrimeTicket)? @BTNJimJackson gives his thoughts #CLIPPERSvSPURS htt‚Ä¶
Sat May 02 16:58:13 +0000 2015,RT @SportsInsights: The #Clippers are 2.5-point favorites tonight, but the #Spurs (+1135) still have better odds of winning the championshi‚Ä¶
Sat May 02 16:57:08 +0000 2015,TIX http://t.co/99Sdr28C3O L 2 Tickets #NBA Finals : Los Angeles #Clippers vs TBD 6/4 STAPLES‚Ä¶ http://t.co/SEYasVhox7 #Tickets #Ticket
Sat May 02 16:57:08 +0000 2015,#Solution #FatLoss Slimming Weight Loss http://t.co/kFmCdxQEL8 #Clippers #Diet
Sat May 02 16:57:07 +0000 2015,L #NBA #Clippers Adidas NBA Los Angeles Clippers Womens Fitted Fabulous Split-Neck Shirt NWT S #BasketBall #Bargain http://t.co/t9Ke5vqhPT
Sat May 02 16:57:06 +0000 2015,TIX http://t.co/sel8MGm1yD L B 3 Tickets NBA Western Conference Semifinals: Los Angeles #Clippers‚Ä¶ http://t.co/rX1toc9LhD #Tickets‚Ä¶
Sat May 02 16:57:01 +0000 2015,http://t.co/w4tWoo8eei NWT Los Angeles Clippers NBA Exclusive Collection Full Zip SZ #Clippers http://t.co/htAwlTl2Lm
Sat May 02 16:56:57 +0000 2015,#Clippers #Spurs #Game7..."Clips to WIN"....would love to see 'em play the #Warriors for the #Western #Championship...#JJRedick #StephCurry
Sat May 02 16:56:54 +0000 2015,RT @guiaESPN: #NBAxESPN hoy juego 7 #Clippers-#Spurs #EnVivo x #ESPN/ESPN3/Play 21ARG/CHI 19:30VEN 19COL/PER @AlvaroNBAMartin @CoachCMorales
Sat May 02 16:56:27 +0000 2015,Finally May 2nd! The day we all been waiting for! #Paquiao #Mayweather #Spurs #Clippers
Sat May 02 16:56:02 +0000 2015,CP3, Blake Griffin combine for 58 as #Clippers take Game 1 from #Spurs #NBA http://t.co/jig3l1bvNZ
Sat May 02 16:54:10 +0000 2015,Estoy con @LAClippers, los @Spurs son una dinast√≠a pero es el momento de los #Clippers. Si no es ahora, que desmantelen #nbaplayoffs
Sat May 02 16:54:04 +0000 2015,RT @marcelluswiley: We got this today!  Hit 'Em up #Clippers #ClipCityChipCity #pictureperfectipaintaperfectpicture‚Ä¶ https://t.co/dEoxSuSs‚Ä¶
Sat May 02 16:52:26 +0000 2015,San Antonio spurs  vs Los Angeles clippers game 7 &amp; Mayweather Vs Pacquiao blessed Saturday !! #MAYWEATHER &amp; #CLIPPERS  let's goo
Sat May 02 16:51:00 +0000 2015,#Clippers
Sat May 02 16:50:52 +0000 2015,Partido definitorio de infarto, hoy a las 6 pm (ES) #Clippers vs #Spurs en el "Staples Center" saludos @AnavarroT52
Sat May 02 16:50:32 +0000 2015,What a day!!!!. Kentucky Derby, #maypac , #Clippers , Supercross, 51's, after partys.
Sat May 02 16:48:37 +0000 2015,RT @JayPeeezyy: End of the Spurs era tonight #clippers
Sat May 02 16:48:32 +0000 2015,#relaxing #mentirita #justbeginning #pacquiao #mayweather #spurs #clippers #testosteroneWKND @ La‚Ä¶ https://t.co/cDCFYdUrdV
Sat May 02 16:48:32 +0000 2015,My sports day Is FULL!!!#kentuckyderby #mayweatherpacquiao  #dodgers  #clippers #ilovesports https://t.co/8BFG36vLBo
Sat May 02 16:48:16 +0000 2015,RT @AllAboutNBAMVP: #Spurs vs #Clippers game 7 tonight!! #RT for Clippers#Fav for San Antonio
Sat May 02 16:48:08 +0000 2015,TIX http://t.co/uiKMIJY9v3 A 3 NBA Western Conference Semifinals : Los Angeles #Clippers vs‚Ä¶ http://t.co/I595nkIRBU #Ticket #BasketBall
Sat May 02 16:48:07 +0000 2015,RT @JayPeeezyy: End of the Spurs era tonight #clippers
Sat May 02 16:47:34 +0000 2015,RT @guiaESPN: #NBAxESPN hoy juego 7 #Clippers-#Spurs #EnVivo x #ESPN/ESPN3/Play 21ARG/CHI 19:30VEN 19COL/PER @AlvaroNBAMartin @CoachCMorales
Sat May 02 16:47:27 +0000 2015,RT @guiaESPN: ATENCI√ìN ma√±ana #NBAxESPN #7 juego #Clippers-#Spurs #EnVivo x #ESPN/ESPN3/Play 21ARG/CHI 19COL @AlvaroNBAMartin @CoachCMorales
Sat May 02 16:47:14 +0000 2015,End of the Spurs era tonight #clippers
Sat May 02 16:46:44 +0000 2015,#mywork #Team9 #clippers #faded #undercut #workwithmyhands #doinmythang @behindthechair_ @intbarbers‚Ä¶ https://t.co/RvlHGMYAnV
Sat May 02 16:46:30 +0000 2015,@MichelleDBeadle @BdubTheKing Thursday night you saw the end of an era. Tonight finishes the job. #clippers #clipppernation
Sat May 02 16:46:25 +0000 2015,L L L #Collectible #Buzz BLAKE GRIFFIN #32 LOS ANGELES #Clippers RED #NBA #Jersey MEN'S 2XL #Forsale #onsale http://t.co/TVJsVYr0n5
Sat May 02 16:46:24 +0000 2015,TIX http://t.co/99Sdr28C3O 3 Tickets #NBA Western Conference Finals : Los Angeles #Clippers vs‚Ä¶ http://t.co/BzCaRpy6Fo #Tickets #Ticket
Sat May 02 16:45:48 +0000 2015,RT @guiaESPN: #NBAxESPN hoy juego 7 #Clippers-#Spurs #EnVivo x #ESPN/ESPN3/Play 21ARG/CHI 19:30VEN 19COL/PER @AlvaroNBAMartin @CoachCMorales
Sat May 02 16:45:27 +0000 2015,Me and pops #BigSportsDay #Clippers #Pacquiao http://t.co/PGUpU7Y9eu
Sat May 02 16:45:08 +0000 2015,@ZMethod214 I got you bro #Mayweather #Clippers
Sat May 02 16:44:55 +0000 2015,RT @AllAboutNBAMVP: #Spurs vs #Clippers game 7 tonight!! #RT for Clippers#Fav for San Antonio
Sat May 02 16:44:23 +0000 2015,We watch sports EVERYDAY in this house my day in a photo #YANKEES  ‚öæ #NBAPLAYOFFS #G7 #CLIPPERS #BOXING #TEAMPACMAN http://t.co/QEzMn8WAfo
Sat May 02 16:44:10 +0000 2015,RT @ShikhirSapra28: #MoneyTeam #Clippers
Sat May 02 16:44:02 +0000 2015,@marcelluswiley Top of #clippers today! Tired of unwanted subscription emails? Try Unroll.Me: http://t.co/YwURbjkCxD
Sat May 02 16:43:34 +0000 2015,#Collectible #Buzz TEENYMATES #NBA FIGURES LOT - 5 LOS ANGELES #Clippers FIGURE SET - BRAND NEW http://t.co/XQSd4wYBSa #Forsale #onsale
Sat May 02 16:43:34 +0000 2015,#Sports #Goods TEENYMATES #NBA FIGURES LOT - 5 LOS ANGELES #Clippers FIGURE SET - BRAND NEW http://t.co/mzbr1qP4BZ #eBay #Auction
Sat May 02 16:43:33 +0000 2015,#NBA #Clippers TEENYMATES NBA FIGURES LOT - 5 LOS ANGELES CLIPPERS FIGURE SET - BRAND NEW http://t.co/KD6JrXVBfX #BasketBall #Bargain
Sat May 02 16:43:30 +0000 2015,#MoneyTeam #Clippers
Sat May 02 16:42:19 +0000 2015,Steve Ballmer Problems! #Clippers - http://t.co/23xUvZ8GQ9 http://t.co/cqpGGUmjYs
Sat May 02 16:42:17 +0000 2015,Steve Ballmer Problems! #Clippers - http://t.co/9f3m0VLZXK http://t.co/j7yvBoCU5t
Sat May 02 16:42:15 +0000 2015,Steve Ballmer Problems! #Clippers - http://t.co/u0GRtyQqdx http://t.co/UGFt1vEqKt
Sat May 02 16:42:14 +0000 2015,Steve Ballmer Problems! #Clippers - http://t.co/4yNUcUBMwX http://t.co/urRPqHQNAG
Sat May 02 16:42:13 +0000 2015,Steve Ballmer Problems! #Clippers - http://t.co/ifMmsxafhw http://t.co/tiSRfyzsmE
Sat May 02 16:42:13 +0000 2015,Game 7 vs. San Antonio Spurs Is as Big as They Come for LA Clippers Franchise| http://t.co/l50Bu34MxW #NBA #Clippers
Sat May 02 16:42:06 +0000 2015,#Solution #FatLoss Good And Healthy Eating Habits Are Easy To Implement With This Overview http://t.co/e3ApRrBhiy #Clippers #Diet
Sat May 02 16:42:01 +0000 2015,Money&gt;&gt;&gt;PacManClippers&gt;&gt;&gt;SpursPERFECT DAY#FloydMayweather #FloydVSPacquiao #CLIPPERSvSPURS #Game7 #Clippers #win
Sat May 02 16:41:49 +0000 2015,@Rachel__Nichols @MichelleDBeadle really can't be surprised by the decision! Cuz I'm not! Another reason to hate him right guys??! #Clippers
Sat May 02 16:41:45 +0000 2015,#BeRelentless #WeAreLA #clippers #clippernation #herewego #layitallontheline #iloveyouguys #getit https://t.co/fhSTyEmIIN
Sat May 02 16:41:40 +0000 2015,RT @DailyHoopsNL: Leuk dat gevechtje tussen Mayweather Pacquiao maar het echte gevecht is natuurlijk game 7 van de #Clippers #Spurs serie! ‚Ä¶
Sat May 02 16:41:19 +0000 2015,RT @guiaESPN: #NBAxESPN hoy juego 7 #Clippers-#Spurs #EnVivo x #ESPN/ESPN3/Play 21ARG/CHI 19:30VEN 19COL/PER @AlvaroNBAMartin @CoachCMorales
Sat May 02 16:40:34 +0000 2015,L L #NBA #Clippers *NBA adidas Los Angeles Clippers Hat Team Fitted Basketball Cap Men's Large / XL #BasketBall‚Ä¶ http://t.co/Xt9UNGwe12
Sat May 02 16:40:09 +0000 2015,RT @guiaESPN: #NBAxESPN hoy juego 7 #Clippers-#Spurs #EnVivo x #ESPN/ESPN3/Play 21ARG/CHI 19:30VEN 19COL/PER @AlvaroNBAMartin @CoachCMorales
Sat May 02 16:39:37 +0000 2015,The best sports day ever? #clippers #PacquiaoMayweather #DerbyDay http://t.co/DxvvOxDIgk
Sat May 02 16:38:26 +0000 2015,@LBinTheseTweets @marchingAnt21 #MoneyMayweather #clippers #CarpeDiem #MayweatherPacquiao #CLIPPERSvSPURS #KENTUCKYDERBY picks
Sat May 02 16:38:14 +0000 2015,#ClipperNation LA Clippers vs San Antonio Spurs Live Stream Free, Start Time: Watch NBA Basketball G... http://t.co/x5evgfDm5q #Clippers
Sat May 02 16:38:07 +0000 2015,RT @guiaESPN: #NBAxESPN hoy juego 7 #Clippers-#Spurs #EnVivo x #ESPN/ESPN3/Play 21ARG/CHI 19:30VEN 19COL/PER @AlvaroNBAMartin @CoachCMorales
Sat May 02 16:37:09 +0000 2015,RT @marcelluswiley: We got this today!  Hit 'Em up #Clippers #ClipCityChipCity #pictureperfectipaintaperfectpicture‚Ä¶ https://t.co/dEoxSuSs‚Ä¶
Sat May 02 16:37:06 +0000 2015,#laclippers #clippers #lac Kyle Korver torches Nets from three-point distance in Game 6 (VIDEO) http://t.co/xYTzbPwaKa
Sat May 02 16:37:05 +0000 2015,#laclippers #clippers #lac 5-on-5: Spurs-Clippers Game 7 http://t.co/cxJy0EEaaA
Sat May 02 16:35:31 +0000 2015,#pacman #clippers letsgooo!!!
Sat May 02 16:35:05 +0000 2015,L L L #Sports #Goods BLAKE GRIFFIN #32 LOS ANGELES #Clippers RED #NBA #Jersey MEN'S 2XL #eBay #Auction http://t.co/BCXE0jCkCD
Sat May 02 16:34:33 +0000 2015,RT @NBAMemes: Steve Ballmer Problems! #Clippers http://t.co/bNpAdWyy6g
Sat May 02 16:34:16 +0000 2015,But maybe Floyd or Manny will delay the fight for a couple-few hours so they|we can watch the playoffsüò≥ #FingersCrossed üòÅ#Spurs #Clippers
Sat May 02 16:34:14 +0000 2015,RT @NBAMemes: Steve Ballmer Problems! #Clippers http://t.co/bNpAdWyy6g
Sat May 02 16:31:52 +0000 2015,The #Clippers have only ever played one game 7 at home in franchise history, which they won. #NBA
Sat May 02 16:31:25 +0000 2015,#Clippers Doc Rivers is adamant that the NBA's playoff-seeding format should be changed, saying, "I don't thin...  http://t.co/ojOABVyels
Sat May 02 16:30:18 +0000 2015,RT @marcelluswiley: We got this today!  Hit 'Em up #Clippers #ClipCityChipCity #pictureperfectipaintaperfectpicture‚Ä¶ https://t.co/dEoxSuSs‚Ä¶
Sat May 02 16:30:06 +0000 2015,L L L #NBA #Clippers BLAKE GRIFFIN #32 LOS ANGELES CLIPPERS RED NBA JERSEY MEN'S 2XL #BasketBall #Bargain http://t.co/TScsTjJvbv
Sat May 02 16:29:36 +0000 2015,TIX http://t.co/99Sdr28C3O 3 Tickets #NBA Western Conference Finals : Los Angeles #Clippers vs‚Ä¶ http://t.co/RDTuooWt4l #Tickets #Ticket
Sat May 02 16:29:35 +0000 2015,TIX http://t.co/sel8MGm1yD 3 Tickets NBA Western Conference Finals : Los Angeles #Clippers vs TBD‚Ä¶ http://t.co/88bFt37oBX #Tickets #Ticket
Sat May 02 16:29:21 +0000 2015,I want there to be an intense therapy sesh today teaching DJ how to make a free throw shot under pressure. #LobCity #Clippers üôè
Sat May 02 16:29:04 +0000 2015,#Clippers #LAC Clippers Face Reigning Champ Spurs in Make-or-Break Game 7 Match http://t.co/jfvCX0HafC #SportsRoadhouse
Sat May 02 16:28:59 +0000 2015,Today can either be glorious or disastrous. No in between. #clippers #mayweather
Sat May 02 16:28:54 +0000 2015,RT @isaaclowenkron: #Clippers - #Spurs Game 7 Officials: Monty McCutchen, James Capers, and Jason Phillips (Alternate-Eric Lewis). #NBA #Pl‚Ä¶
Sat May 02 16:28:44 +0000 2015,Game 7 of Clippers vs Spurs  &amp; Mayweather vs Pacquiao fight later. What a great day. #PacquiaoMayweather #CLIPPERSvSPURS #Clippers
Sat May 02 16:28:35 +0000 2015,#WeLoveLA #LAC #Clippers LA Clippers vs San Antonio Spurs Live Stream Free, Start Time: Watch NBA‚Ä¶ http://t.co/Td6VUAcyIm #SportsRoadhouse