Sat May 02 17:12:36 +0000 2015,RT @Patty_Mills: GAME DAY BALA GAME DAY!!! #Playoffs #GoSpursGo
Sat May 02 17:12:36 +0000 2015,RT @Patty_Mills: GAME DAY BALA GAME DAY!!! #Playoffs #GoSpursGo
Sat May 02 17:12:35 +0000 2015,Tonights game is bigger than staying in the playoffs, could be the last of the Duncan-Ginobili-Parker era and that's terrifyingüò≠ #GoSpursGo
Sat May 02 17:12:07 +0000 2015,RT @Patty_Mills: GAME DAY BALA GAME DAY!!! #Playoffs #GoSpursGo
Sat May 02 17:12:05 +0000 2015,RT @Patty_Mills: GAME DAY BALA GAME DAY!!! #Playoffs #GoSpursGo
Sat May 02 17:12:04 +0000 2015,RT @Patty_Mills: GAME DAY BALA GAME DAY!!! #Playoffs #GoSpursGo
Sat May 02 17:11:59 +0000 2015,RT @Patty_Mills: GAME DAY BALA GAME DAY!!! #Playoffs #GoSpursGo
Sat May 02 17:11:44 +0000 2015,Game 7#Believe #GoSpursGo @spurs http://t.co/P3LgSfgKTp
Sat May 02 17:11:43 +0000 2015,RT @Patty_Mills: GAME DAY BALA GAME DAY!!! #Playoffs #GoSpursGo
Sat May 02 17:11:36 +0000 2015,RT @Patty_Mills: GAME DAY BALA GAME DAY!!! #Playoffs #GoSpursGo
Sat May 02 17:11:36 +0000 2015,Knowing Mr.Ice in my veins @Patty_Mills is gonna turn it up tonight! #GoSpursGo
Sat May 02 17:11:31 +0000 2015,RT @Patty_Mills: GAME DAY BALA GAME DAY!!! #Playoffs #GoSpursGo
Sat May 02 17:11:28 +0000 2015,Le dije a mi marido bostero que prefiero que ganen los @spurs a que gane River ma√±ana #GoSpursGo @InfoManu
Sat May 02 17:11:19 +0000 2015,RT @Patty_Mills: GAME DAY BALA GAME DAY!!! #Playoffs #GoSpursGo
Sat May 02 17:11:11 +0000 2015,RT @Patty_Mills: GAME DAY BALA GAME DAY!!! #Playoffs #GoSpursGo
Sat May 02 17:11:06 +0000 2015,RT @Patty_Mills: GAME DAY BALA GAME DAY!!! #Playoffs #GoSpursGo
Sat May 02 17:11:05 +0000 2015,#NowPlaying ILoveMakonnen - Swerve (Dirty) on http://t.co/TFJuW7iBip | #GSG #GoSpursGo #Rampageous
Sat May 02 17:11:02 +0000 2015,RT @Patty_Mills: GAME DAY BALA GAME DAY!!! #Playoffs #GoSpursGo
Sat May 02 17:11:00 +0000 2015,RT @Patty_Mills: GAME DAY BALA GAME DAY!!! #Playoffs #GoSpursGo
Sat May 02 17:10:57 +0000 2015,RT @Patty_Mills: GAME DAY BALA GAME DAY!!! #Playoffs #GoSpursGo
Sat May 02 17:10:54 +0000 2015,RT @Patty_Mills: GAME DAY BALA GAME DAY!!! #Playoffs #GoSpursGo
Sat May 02 17:10:48 +0000 2015,RT @Patty_Mills: GAME DAY BALA GAME DAY!!! #Playoffs #GoSpursGo
Sat May 02 17:10:26 +0000 2015,RT @Patty_Mills: GAME DAY BALA GAME DAY!!! #Playoffs #GoSpursGo
Sat May 02 17:10:20 +0000 2015,RT @Patty_Mills: GAME DAY BALA GAME DAY!!! #Playoffs #GoSpursGo
Sat May 02 17:10:18 +0000 2015,RT @Patty_Mills: GAME DAY BALA GAME DAY!!! #Playoffs #GoSpursGo
Sat May 02 17:10:16 +0000 2015,RT @AllyBrooke: I wanna take shots with somebody #GoSpursGo @spurs http://t.co/nmHGiKfLtR
Sat May 02 17:10:13 +0000 2015,Spurs Gang RT@Patty_Mills: GAME DAY BALA GAME DAY!!! #Playoffs #GoSpursGo
Sat May 02 17:10:11 +0000 2015,#GoSpursGo Let's beat the Clippers big tonight!!!
Sat May 02 17:10:10 +0000 2015,RT @Patty_Mills: GAME DAY BALA GAME DAY!!! #Playoffs #GoSpursGo
Sat May 02 17:09:59 +0000 2015,Fuck the fight, it's GAME 7 üò©üò©üò≠ #GoSpursGo  #SpursNation
Sat May 02 17:09:52 +0000 2015,RT @Patty_Mills: GAME DAY BALA GAME DAY!!! #Playoffs #GoSpursGo
Sat May 02 17:09:41 +0000 2015,RT @Patty_Mills: GAME DAY BALA GAME DAY!!! #Playoffs #GoSpursGo
Sat May 02 17:09:36 +0000 2015,@Patty_Mills @spurs time to put this one to rest. Let's do this, Patty! You guys got this and we have got your backs! #GoSpursGo @spurs
Sat May 02 17:09:34 +0000 2015,RT @Patty_Mills: GAME DAY BALA GAME DAY!!! #Playoffs #GoSpursGo
Sat May 02 17:09:33 +0000 2015,RT @Patty_Mills: GAME DAY BALA GAME DAY!!! #Playoffs #GoSpursGo
Sat May 02 17:09:32 +0000 2015,RT @Patty_Mills: GAME DAY BALA GAME DAY!!! #Playoffs #GoSpursGo
Sat May 02 17:09:30 +0000 2015,RT @Patty_Mills: GAME DAY BALA GAME DAY!!! #Playoffs #GoSpursGo
Sat May 02 17:09:28 +0000 2015,#GoSpursGo Best wishes from Latvia.
Sat May 02 17:09:27 +0000 2015,RT @Patty_Mills: GAME DAY BALA GAME DAY!!! #Playoffs #GoSpursGo
Sat May 02 17:09:18 +0000 2015,It runs in the family! #Chalkboardgameplan #Gameday #GoSpursGo #RaceforSeis #Believe http://t.co/oOPYBtXbiQ
Sat May 02 17:09:18 +0000 2015,Tonight Is Game 7 Win Or Go Home #GoSpursGo üèÄ
Sat May 02 17:09:14 +0000 2015,RT @Patty_Mills: GAME DAY BALA GAME DAY!!! #Playoffs #GoSpursGo
Sat May 02 17:09:12 +0000 2015,RT @DevyElise: It's GAMEDAY!! üí™üèÄ#GoSpursGo
Sat May 02 17:08:53 +0000 2015,RT @Patty_Mills: GAME DAY BALA GAME DAY!!! #Playoffs #GoSpursGo
Sat May 02 17:08:48 +0000 2015,RT @keepSAreal: It's game day Spurs fans! #GoSpursGo
Sat May 02 17:08:46 +0000 2015,http://t.co/RI0bhRpjkD #PlayoffPatty is the best. #GoSpursGo https://t.co/v8CRj6E7rc
Sat May 02 17:08:45 +0000 2015,#GoSpursGo !!!!! #NBA #NBAPlayoffs #TiempoDePlayoffs
Sat May 02 17:08:44 +0000 2015,RT @Spurs_Texano: GAMEDAYYYY !!!  üèÄ‚ö´Ô∏è‚ö™Ô∏è #GoSpursGo #SpursNation http://t.co/B1w9hEWtz3
Sat May 02 17:08:34 +0000 2015,RT @Patty_Mills: GAME DAY BALA GAME DAY!!! #Playoffs #GoSpursGo
Sat May 02 17:08:32 +0000 2015,RT @Patty_Mills: GAME DAY BALA GAME DAY!!! #Playoffs #GoSpursGo
Sat May 02 17:08:31 +0000 2015,RT @ChuckSourDiesel: Game 7 tonight! and then there's supposed to be some boxing match also? Oh well #gospursgo
Sat May 02 17:08:30 +0000 2015,RT @Patty_Mills: GAME DAY BALA GAME DAY!!! #Playoffs #GoSpursGo
Sat May 02 17:08:21 +0000 2015,RT @Spurs_Texano: GAMEDAYYYY !!!  üèÄ‚ö´Ô∏è‚ö™Ô∏è #GoSpursGo #SpursNation http://t.co/B1w9hEWtz3
Sat May 02 17:08:18 +0000 2015,#sanantonio #GoSpursGo #spurs Go hard or Go home! http://t.co/sb0NXs5sNd
Sat May 02 17:08:18 +0000 2015,#sanantonio #GoSpursGo #spurs My favorite prop bets for Kentucky Derby, boxing, NBA playoffs -- NCB http://t.co/in9l4k5zQ7
Sat May 02 17:08:15 +0000 2015,Looks like I'm gonna miss the Spurs game due to Trap Fest tonight. So #GoSpursGo in advance!! I know they can do it
Sat May 02 17:08:00 +0000 2015,The Spurs better come to play tonight with the "WANT" to win! I'm tired of the "On and Off" Spurs Basketball... #GoSpursGo
Sat May 02 17:07:56 +0000 2015,RT @Patty_Mills: GAME DAY BALA GAME DAY!!! #Playoffs #GoSpursGo
Sat May 02 17:07:50 +0000 2015,RT @Patty_Mills: GAME DAY BALA GAME DAY!!! #Playoffs #GoSpursGo
Sat May 02 17:07:48 +0000 2015,S/O to my store manager for hooking me up with a Tim Duncan jersey!! And it's the stitched one too!  #GoSpursGo http://t.co/yR6iaOlQ4l
Sat May 02 17:07:46 +0000 2015,@richeisen @MikeTyson @Rachel__Nichols @MichelleDBeadle hey Michelle is always allowed @spurs games!! #GoSpursGo
Sat May 02 17:07:24 +0000 2015,RT @Patty_Mills: GAME DAY BALA GAME DAY!!! #Playoffs #GoSpursGo
Sat May 02 17:07:19 +0000 2015,@facundo_ruggeri @spurs jajaj tomaaaaa, en todas las canchas! #GoSpursGo
Sat May 02 17:06:51 +0000 2015,RT @Patty_Mills: GAME DAY BALA GAME DAY!!! #Playoffs #GoSpursGo
Sat May 02 17:06:46 +0000 2015,RT @MatiGodoyy: ufff hoy spurs vs clippers .. gana sigue y el que pierde a casa.. #GoSpursGo
Sat May 02 17:06:38 +0000 2015,RT @Patty_Mills: GAME DAY BALA GAME DAY!!! #Playoffs #GoSpursGo
Sat May 02 17:06:20 +0000 2015,RT @Spurs_Texano: GAMEDAYYYY !!!  üèÄ‚ö´Ô∏è‚ö™Ô∏è #GoSpursGo #SpursNation http://t.co/B1w9hEWtz3
Sat May 02 17:06:17 +0000 2015,RT @Patty_Mills: GAME DAY BALA GAME DAY!!! #Playoffs #GoSpursGo
Sat May 02 17:06:16 +0000 2015,@UsTheDuo Pacman and Spurs! #GoManny #GoSpursGo üôå
Sat May 02 17:06:14 +0000 2015,Everyone BELIEVE! No bad juju today. #GoSpursGo
Sat May 02 17:06:06 +0000 2015,Tonight a night for SPURS Special Forces! üèÜüèÜüèÜüèÜüèÜüèÜ .#GoSpursGo .#SpursNation .#SpursFamily .#spurs https://t.co/7wQglwVt9z
Sat May 02 17:06:01 +0000 2015,RT @Patty_Mills: GAME DAY BALA GAME DAY!!! #Playoffs #GoSpursGo
Sat May 02 17:05:56 +0000 2015,RT @Patty_Mills: GAME DAY BALA GAME DAY!!! #Playoffs #GoSpursGo
Sat May 02 17:05:56 +0000 2015,RT @Patty_Mills: GAME DAY BALA GAME DAY!!! #Playoffs #GoSpursGo
Sat May 02 17:05:54 +0000 2015,RT @keepSAreal: It's game day Spurs fans! #GoSpursGo
Sat May 02 17:05:50 +0000 2015,RT @Patty_Mills: GAME DAY BALA GAME DAY!!! #Playoffs #GoSpursGo
Sat May 02 17:05:47 +0000 2015,RT @Patty_Mills: GAME DAY BALA GAME DAY!!! #Playoffs #GoSpursGo
Sat May 02 17:05:47 +0000 2015,RT @Patty_Mills: GAME DAY BALA GAME DAY!!! #Playoffs #GoSpursGo
Sat May 02 17:05:43 +0000 2015,RT @keepSAreal: It's game day Spurs fans! #GoSpursGo
Sat May 02 17:05:39 +0000 2015,RT @SA_Spurs_Nation: We can do it again. #GoSpursGo #RaceForSeis [Credit: ESPN] http://t.co/WTZCeHHNyf
Sat May 02 17:05:39 +0000 2015,Game 7 tonight! and then there's supposed to be some boxing match also? Oh well #gospursgo
Sat May 02 17:05:36 +0000 2015,@MichelleDBeadle Beads (may I call you Beads?) You're amazing. Keep at it. Repping S. TX like a champ. #FloydIsASchmuck  #GoSpursGo
Sat May 02 17:05:30 +0000 2015,@FSKPart3 pray to play for the spurs! #GoSpursGo #TheTank
Sat May 02 17:05:29 +0000 2015,RT @Patty_Mills: GAME DAY BALA GAME DAY!!! #Playoffs #GoSpursGo
Sat May 02 17:05:17 +0000 2015,RT @Patty_Mills: GAME DAY BALA GAME DAY!!! #Playoffs #GoSpursGo
Sat May 02 17:05:12 +0000 2015,RT @Patty_Mills: GAME DAY BALA GAME DAY!!! #Playoffs #GoSpursGo
Sat May 02 17:05:05 +0000 2015,#NowPlaying @Fat_Pimp - Hurt They Feelings on http://t.co/TFJuW7iBip | #GSG #GoSpursGo #Rampageous
Sat May 02 17:05:01 +0000 2015,RT @Patty_Mills: GAME DAY BALA GAME DAY!!! #Playoffs #GoSpursGo
Sat May 02 17:05:00 +0000 2015,@Spurs at home? Nah, watch the game with other @True_Spurs_fans cheering #GOSpursGO! Game starts at 7 p.m.! See you at #TonyRomasSA
Sat May 02 17:04:43 +0000 2015,RT @Patty_Mills: GAME DAY BALA GAME DAY!!! #Playoffs #GoSpursGo
Sat May 02 17:04:43 +0000 2015,"@Patty_Mills: GAME DAY BALA GAME DAY!!! #Playoffs #GoSpursGo" C'mon PattyMills get "HOT" tonight. #Spurs #GettheWin2night
Sat May 02 17:04:35 +0000 2015,RT @Patty_Mills: GAME DAY BALA GAME DAY!!! #Playoffs #GoSpursGo
Sat May 02 17:04:31 +0000 2015,RT @Patty_Mills: GAME DAY BALA GAME DAY!!! #Playoffs #GoSpursGo
Sat May 02 17:04:28 +0000 2015,ufff hoy spurs vs clippers .. gana sigue y el que pierde a casa.. #GoSpursGo
Sat May 02 17:04:23 +0000 2015,RT @Patty_Mills: GAME DAY BALA GAME DAY!!! #Playoffs #GoSpursGo
Sat May 02 17:04:20 +0000 2015,RT @Patty_Mills: GAME DAY BALA GAME DAY!!! #Playoffs #GoSpursGo
Sat May 02 17:04:19 +0000 2015,RT @1200WOAI: Game 7 Preview: Spurs vs. Clippers   http://t.co/a4KZZaPC4v #GoSpursGo
Sat May 02 17:04:05 +0000 2015,RT @katiemucci: On the plus side, you can watch the Spurs tonight. #GoSpursGo https://t.co/AT56Klae9T
Sat May 02 17:04:05 +0000 2015,It's game day Spurs fans! #GoSpursGo
Sat May 02 17:04:04 +0000 2015,#GoSpursGo #Game7
