Sat May 02 16:47:27 +0000 2015,@noelle_robinson #GSWarriors
Sat May 02 16:08:09 +0000 2015,#gswarriors #goldenstate #warriors Golden State Warriors v. Memphis Grizzlies Series Preview http://t.co/B81pBTEiP1
Sat May 02 15:11:33 +0000 2015,I'm taking #pacquiao in the 7th round tonight and #Dubs in the 4th on Sunday. #GSWarriors #FightOfTheCentury #Dubs #Memphis #Grizzlies
Sat May 02 08:13:12 +0000 2015,#Gswarriors
Sat May 02 07:37:04 +0000 2015,#goldenstatewarriors #gswarriors BDL's 2014-15 NBA Playoff Previews: Golden State Warriors vs. Memphis Grizzli.. http://t.co/57fTH6ODZE
Sat May 02 06:29:14 +0000 2015,@calster1 @KNBR @CalMensBBall East Bay is going to be a hoops hotbed with #Cal &amp; #gswarriors
Sat May 02 05:35:57 +0000 2015,Best #bayarea sports day! #gswarriors gm of Yr Myers, #Cal gets 5* Jaylen Brown, #49ers draft Tartt &amp; Harold, &amp; #sfgiants Panik walkoff.
Sat May 02 05:34:20 +0000 2015,RT @MACHINEGUNFATII: @warriors #Warriorstalk #gswarriors #LetsGoWarriorsLive #DubNation http://t.co/eLhjxb3evS
Sat May 02 05:18:17 +0000 2015,@warriors #Warriorstalk #gswarriors #LetsGoWarriorsLive #DubNation http://t.co/eLhjxb3evS
Sat May 02 04:40:18 +0000 2015,Double clutches are only to be used by the #GSWarriors, not the #SFGiants
Sat May 02 04:13:58 +0000 2015,#gswarriors #goldenstate #warriors Warriors' Future Bright With Bob Myers At The Helm http://t.co/hUkoevS7Dl
Sat May 02 04:09:05 +0000 2015,#gswarriors #goldenstate #warriors Warriors News: Klay Thompson Partners With ShotTracker http://t.co/7I85bEyFaO
Sat May 02 00:42:09 +0000 2015,#gswarriors #goldenstate #warriors Top Five Predictions for Warriors-Grizzlies http://t.co/tfZ8jrNMxl
Sat May 02 00:38:03 +0000 2015,#gswarriors #goldenstate #warriors Warriors vs. Grizzlies Game 1, NBA Playoffs 2015: Golden State begins secon.. http://t.co/rgwxjFyNcr
Sat May 02 00:08:16 +0000 2015,#goldenstatewarriors #gswarriors NBA-National Basketball Association roundup (Reuters) http://t.co/DT4KZ7UWD7
Fri May 01 23:14:12 +0000 2015,#goldenstatewarriors #gswarriors Grizzlies' gritty D to be tested by Warriors without Conley (The Associated P.. http://t.co/opMlq2F02i
Fri May 01 23:09:04 +0000 2015,#gswarriors #goldenstate #warriors Hawks at Nets Game 6, NBA Playoffs 2015: Can Brooklyn force Game 7? http://t.co/NHqnwOKC9R
Fri May 01 23:03:09 +0000 2015,"@9museco: Get yours http://t.co/abYfSWkdar#gsw #Warriors #gswarriors #StephCurry #warriorsground#dubs #dubnation http://t.co/mh2UzdlO8n"
Fri May 01 22:26:33 +0000 2015,If this happens, #GSWarriors will become my official west coast squad, lol. #KevinDurant https://t.co/ajJP87eAby
Fri May 01 22:14:11 +0000 2015,RT @StanfordVoice: Draymond: #GSWarriors getting antsy. "We're ready to play only thing going for us is we got the early game on Sunday" ht‚Ä¶
Fri May 01 21:38:04 +0000 2015,#goldenstatewarriors #gswarriors PBT Second-Round Playoff Previews: Golden State Warriors vs. Memphis Grizzlies http://t.co/3QzNGUf5yH
Fri May 01 21:14:15 +0000 2015,RT @StanfordVoice: Draymond: #GSWarriors getting antsy. "We're ready to play only thing going for us is we got the early game on Sunday" ht‚Ä¶
Fri May 01 21:12:05 +0000 2015,RT @warriorsviews: #goldenstatewarriors #gswarriors Golden State Warriors Rumors: Team Will Go Hard After Kevin Durant In 2016 Fr.. http://‚Ä¶
Fri May 01 21:08:27 +0000 2015,#goldenstatewarriors #gswarriors Golden State Warriors Rumors: Team Will Go Hard After Kevin Durant In 2016 Fr.. http://t.co/4GqWJNFWuY
Fri May 01 21:08:26 +0000 2015,#gswarriors #goldenstate #warriors Warriors' David Lee Must Play Well vs. Memphis http://t.co/VRsFANGMAB
Fri May 01 21:08:26 +0000 2015,#goldenstatewarriors #gswarriors Klay Thompson's father reminds us that Kevin Durant could join the Warriors i.. http://t.co/7TJ5e8k2NQ
Fri May 01 20:39:11 +0000 2015,RT @StanfordVoice: Draymond: #GSWarriors getting antsy. "We're ready to play only thing going for us is we got the early game on Sunday" ht‚Ä¶
Fri May 01 20:38:06 +0000 2015,RT @StanfordVoice: Draymond: #GSWarriors getting antsy. "We're ready to play only thing going for us is we got the early game on Sunday" ht‚Ä¶
Fri May 01 20:37:12 +0000 2015,#goldenstatewarriors #gswarriors Mike Conley to travel with Grizzlies; playing status unclear (The Associated .. http://t.co/ApHKjGoJok
Fri May 01 20:36:58 +0000 2015,RT @StanfordVoice: Draymond: #GSWarriors getting antsy. "We're ready to play only thing going for us is we got the early game on Sunday" ht‚Ä¶
Fri May 01 19:51:16 +0000 2015,#round2playoffs #gswarriors vs #memphisgrizzlies #DUBSUP #DUBS #DUBNATION https://t.co/mzlA6hyJZ5
Fri May 01 19:42:02 +0000 2015,It's Friday afternoon...why not dunk some documents? Take a note from the #GSWarriors and share using #AdobeDocCloud. http://t.co/0DpHAwV68x
Fri May 01 19:40:35 +0000 2015,Draymond: #GSWarriors getting antsy. "We're ready to play only thing going for us is we got the early game on Sunday" http://t.co/tRcAuMdUZH
Fri May 01 19:37:08 +0000 2015,#goldenstatewarriors #gswarriors Report: Mike Conley to travel with Grizzlies, not expected to play in Game 1 http://t.co/WYTKZZjcIA
Fri May 01 19:10:32 +0000 2015,#GSWarriors üíõüíô https://t.co/vUrPvJOtza
Fri May 01 19:09:12 +0000 2015,#gswarriors #goldenstate #warriors 2015 NBA Draft: Who should the Warriors target? http://t.co/gBf8ak57PY
Fri May 01 18:35:53 +0000 2015,RT @roheblius: .@kateeforbis joined me on the #BALLSOHARD Podcast to discuss #GSWarriors Vs #Grizzlies and #WrestleMania 31 weekend. http:/‚Ä¶
Fri May 01 18:23:31 +0000 2015,Outta town folks here. Lets get weekend partying started, my Millbrae crib. #PacMan #GSWarriors #SFGiants #CarpeDiem http://t.co/Zz181T1sBp
Fri May 01 18:12:24 +0000 2015,Home to the young #GSwarriors! http://t.co/UHdXWn7J9k
Fri May 01 18:08:34 +0000 2015,Warriors general manager Bob Myers named NBA Executive of the Year #nba #warriors #GSWarriors  http://t.co/2atVcoTKOI
Fri May 01 18:08:10 +0000 2015,#goldenstatewarriors #gswarriors Klay Thompson's dad 'heard it on good authority' Warriors would 'go hard afte.. http://t.co/CLnTXyocj5
Fri May 01 17:37:10 +0000 2015,#goldenstatewarriors #gswarriors Bob Myers wins the Executive of the Year Award, in a semi-surprise (Ball Don'.. http://t.co/HAla1AgG7d
Fri May 01 17:35:31 +0000 2015,The Marin Y is Warrior Proud. #dubnation #wearewarriors #GSWarriors http://t.co/Dg8sRFz1BV http://t.co/53mRFOcJa3
Fri May 01 17:09:02 +0000 2015,#goldenstatewarriors #gswarriors Warriors GM Bob Myers voted NBA's executive of the year (The Associated Press) http://t.co/rJQbTsjUYp
Fri May 01 16:37:10 +0000 2015,#gswarriors #goldenstate #warriors 5 Reasons Why the Warriors Will Beat the Grizzlies http://t.co/feSMXv8wUh
Fri May 01 16:37:10 +0000 2015,#goldenstatewarriors #gswarriors Warriors general manager Bob Myers wins Executive of the Year http://t.co/5kCo8IGJq3
Fri May 01 16:37:09 +0000 2015,#gswarriors #goldenstate #warriors Bob Myers Wins Executive Of The Year http://t.co/BHNTvyxo6j
Fri May 01 16:27:39 +0000 2015,.@kateeforbis joined me on the #BALLSOHARD Podcast to discuss #GSWarriors Vs #Grizzlies and #WrestleMania 31 weekend. http://t.co/XXV8gCb85P
Fri May 01 16:09:08 +0000 2015,#gswarriors #goldenstate #warriors Warriors vs. Grizzlies, NBA Playoffs 2015: Golden State's advantages and di.. http://t.co/yFxj3sXAgN
Fri May 01 16:09:08 +0000 2015,#gswarriors #goldenstate #wearewarriors Evans joins The Weigh-in http://t.co/hbcYzoomd0
Fri May 01 10:08:19 +0000 2015,#goldenstatewarriors #gswarriors As the Clippers and Spurs head to Game 7, Doc Rivers urges playoff reform (Ya.. http://t.co/u9DBtEM7w3
Fri May 01 07:08:30 +0000 2015,#goldenstatewarriors #gswarriors Warriors believe depth, sacrifice keys to their success (The Associated Press) http://t.co/hVNYMEZLWF
Fri May 01 05:04:25 +0000 2015,GSW v Bulls #GSWarriors
Fri May 01 04:32:50 +0000 2015,#GSWarriors
Fri May 01 02:09:07 +0000 2015,#goldenstatewarriors #gswarriors Billy Donovan's blueprint to success in Oklahoma City laid out by Steve Kerr .. http://t.co/3VsOQVXQav
Fri May 01 00:26:33 +0000 2015,@peterhartlaub @warriors Love the story. My dad always told me this but never read anything about it, which is odd. Thanks! #gsWarriors
Fri May 01 00:20:07 +0000 2015,No #SFGiants &amp; #GSWarriors game. #NFLDraft2015 it is then
Thu Apr 30 23:10:03 +0000 2015,RT @warriorsviews: #gswarriors #goldenstate #warriors Warriors Rumors: Kevin Durant To Be Targeted On 'Good Authority' http://t.co/fCw0Je5n‚Ä¶
Thu Apr 30 23:09:12 +0000 2015,#gswarriors #goldenstate #warriors Warriors Rumors: Kevin Durant To Be Targeted On 'Good Authority' http://t.co/fCw0Je5nz5
Thu Apr 30 22:09:33 +0000 2015,#gswarriors #goldenstate #warriors Bulls at Bucks Game 6, Clippers at Spurs Game 6, NBA Playoffs 2015: Two con.. http://t.co/W45u2V4mpW
Thu Apr 30 21:08:07 +0000 2015,#gswarriors #goldenstate #warriors 2014/15 D-League Usage Report: Warriors http://t.co/IIDq4XlzVv
Thu Apr 30 21:08:06 +0000 2015,#gswarriors #goldenstate #warriors The Alternate Side: Pelicans Writer Gives Outlook On Warriors http://t.co/P8m5WS80el
Thu Apr 30 21:08:06 +0000 2015,#gswarriors #goldenstate #warriors The Opf &amp; Liu Show: a Golden State Warriors Podcast Vol. 5 http://t.co/DqsIGlRCF9
Thu Apr 30 20:29:13 +0000 2015,Get yours now!http://t.co/7syXsgUCAL#gsw #Warriors #gswarriors #Oakland #StephCurry #warriorsground#dubs #dubnation http://t.co/0gEDPbptBW
Thu Apr 30 19:09:06 +0000 2015,#gswarriors #goldenstate #warriors Warriors vs. Grizzlies, NBA Playoffs 2015: Golden State's second round sche.. http://t.co/eTMnhJhr3I
Thu Apr 30 18:32:40 +0000 2015,My students totally have their priorities straight. #GrizzNation #gng #grizzlies #gsWarriors #nba http://t.co/Wk9kYe6g9x
Thu Apr 30 17:08:22 +0000 2015,#gswarriors #goldenstate #wearewarriors Dimitrov, Cuevas into quarters of Istanbul Open http://t.co/DpmADuVUAr
Thu Apr 30 17:08:22 +0000 2015,#goldenstatewarriors #gswarriors The 10-man rotation, starring Jason Collins, what's changed and what hasn't (.. http://t.co/vC6yfq7cET
Thu Apr 30 17:08:21 +0000 2015,https://t.co/zbf889qsb5#Yup #Dubs #GSWarriors #DubCity #GoldenStateWarriors @E40
Thu Apr 30 16:49:52 +0000 2015,LISTEN: Warriors get playoff anthem from rapper E-40 #warriors #GSWarriors #dubs #DubNation  http://t.co/R7dt94xCHI
Thu Apr 30 16:37:04 +0000 2015,#gswarriors #goldenstate #wearewarriors Bodo: Why skipping Madrid could hurt Djokovic's chances at the French .. http://t.co/p8HIUDKN2u
Thu Apr 30 16:32:39 +0000 2015,Are We ready #Oakland? #GSWarriors #NBAPLAYOFFS #Playoffs #GoDubs!!!!! #Eastbayloop #PiedmontCleaners http://t.co/EB3PsS9LDW
Thu Apr 30 16:15:24 +0000 2015,"Like divorced parents passing off the kids at the Kettleman City McDonald's." #gsWarriors #BayArea  https://t.co/6IKFkNVDOv
Thu Apr 30 16:14:03 +0000 2015,Stopping Marc Gasol is Warriors' Key to Winning Series #GSWarriors #WarriorsNation http://t.co/LVn6KqzXPp http://t.co/tmJx3lMde5
Thu Apr 30 16:08:18 +0000 2015,#gswarriors #goldenstate #warriors What to expect when you're expecting, NBA playoff edition: Warriors vs. Gri.. http://t.co/wM57w9WDK4
Thu Apr 30 16:08:18 +0000 2015,#gswarriors #goldenstate #wearewarriors Awad: Conn Smythe Watch after Round 1 http://t.co/2CYBMUP7J0
Thu Apr 30 15:18:29 +0000 2015,RT @sfbay: #GSWarriors Stephen Curry writing #MVP storyline http://t.co/9dFn0UuriM #NBA via @BlenBeans @TheSixThirty http://t.co/Je1ykl9HXc
Thu Apr 30 15:08:05 +0000 2015,#gswarriors #goldenstate #warriors Steph Curry News: Under Armour Curry Two Photos Surface http://t.co/ua9HEbiSQd
Thu Apr 30 14:00:32 +0000 2015,Couch Corner first episode https://t.co/YmtCdI0qxM #gswarriors #gswvsnop #Orleans #NBAPlayoffs #NBA
Thu Apr 30 12:40:24 +0000 2015,Its time to hunt some bears. #GSWarriors
Thu Apr 30 12:39:07 +0000 2015,Here's hoping #gswarriors feel they are superior. #Goliathsfall @grizzliespress @memgrizz @BeauregardJones @anncarsona @GrizzNationGNG
Thu Apr 30 09:49:03 +0000 2015,Grizzlies vs. Blazers final score: Memphis beats P... #GSWarriors #WarriorsNation http://t.co/WKwsEO8xu1 http://t.co/cJ2QYR8Vxv
Thu Apr 30 08:37:21 +0000 2015,#goldenstatewarriors #gswarriors Dose: Grizz Eliminate Blazers (Rotoworld) http://t.co/cvHbfyKgjE
Thu Apr 30 07:37:07 +0000 2015,#goldenstatewarriors #gswarriors Grizzlies earn some rest before semifinal with Warriors (The Associated Press) http://t.co/eF4aLoHZkd
Thu Apr 30 06:54:11 +0000 2015,. @warriors LISTEN "Choices" @e40 new remix inspired by #gswarriors http://t.co/IAhnQRRcdy
Thu Apr 30 06:52:32 +0000 2015,@GSWarriorsclub #listen to @E40's #gsWarriors Remix of 'Choices' (Yup) http://t.co/IAhnQRRcdy http://t.co/UP2JfrzgGM‚Äù
Thu Apr 30 06:20:53 +0000 2015,#GSWarriors Stephen Curry writing #MVP storyline http://t.co/9dFn0UuriM #NBA via @BlenBeans @TheSixThirty http://t.co/Je1ykl9HXc
Thu Apr 30 06:08:05 +0000 2015,#goldenstatewarriors #gswarriors Grizzlies advance, beating Trail Blazers 99-93 in Game 5 (The Associated Press) http://t.co/wTA0qMVrCl
Thu Apr 30 05:37:04 +0000 2015,#gswarriors #goldenstate #warriors Grizzlies vs. Blazers final score: Memphis beats Portland, advances to face.. http://t.co/lE8T7EvDRA
Thu Apr 30 05:37:04 +0000 2015,#goldenstatewarriors #gswarriors NBA-Highlights of Wednesday's NBA playoff games (Reuters) http://t.co/2iuqzJP92J
Thu Apr 30 05:16:25 +0000 2015,#BeatMemphis #gswarriors
Thu Apr 30 05:08:09 +0000 2015,#goldenstatewarriors #gswarriors 5 Bold Predictions for Golden State Warriors vs. Memphis Grizzlies in 2015 NB.. http://t.co/WqLLP3BsTU
Thu Apr 30 05:06:43 +0000 2015,What's with 4 days between Games 2 and 3???? #gswarriors #playoffs
Thu Apr 30 04:42:30 +0000 2015,.@E40 - Choices (Yup) **WARRIORS VERSION** http://t.co/I9WiG5IHmR #DubNation #NBAPlayoffs #GSWarriors
Thu Apr 30 04:35:40 +0000 2015,bring on the grizzlies... #DubNation #GSWarriors
Thu Apr 30 04:32:12 +0000 2015,RT @pinkfaith76: memphis it is! #LETSGOWARRIORS #GSWARRIORS
Thu Apr 30 04:31:53 +0000 2015,memphis it is! #LETSGOWARRIORS #GSWARRIORS
Thu Apr 30 04:27:34 +0000 2015,Memphis vs Warriors can't wait #GSWARRIORS
Thu Apr 30 04:27:00 +0000 2015,Bring on Memphis #GSWarriors
Thu Apr 30 04:12:13 +0000 2015,Bring on Memphis! #gswarriors