Sat May 02 17:07:13 +0000 2015,Yo! Lichtenstein: Disrespected Nets Could Save NBA Fr  http://t.co/HAzM72bUo2  #atlanta #brooklyn #hawks #nets
Sat May 02 17:06:06 +0000 2015,TIX http://t.co/MY3Vif2208 4 TIX Round 2 Atlanta #Hawks vs WAS Wizards HG2 5/5 Philips Arena‚Ä¶ http://t.co/Ijz4Lesehk #Tickets #Ticket
Sat May 02 17:06:05 +0000 2015,TIX http://t.co/VQAWDAqIz5 4 TIX Round 2 Atlanta #Hawks vs WAS Wizards HG3 5/13 Philips Arena‚Ä¶ http://t.co/pMqBeqZsr4 #Tickets #NBA
Sat May 02 17:04:05 +0000 2015,#nbaplayoffs As I said before, the #Hawks are at least going to the east conference final. Go #Atlanta!!! You're the best! üëçüí™üòÑ
Sat May 02 17:03:03 +0000 2015,SB: Stephanie Abolt with an RBI single up the middle to bring home Slavik! #Hawks lead 2-0! #GoHawks
Sat May 02 17:01:15 +0000 2015,Come in and have a #COLD #DOMESTIC #LONGNECK only $2Congrats the #Atlanta #Hawks defeating the Brooklyn Nets in... http://t.co/nxgu7vQvjL
Sat May 02 17:00:10 +0000 2015,RT @ChiSportsDivas: #Hawks won, #DerbyDay, Go Cubs Go, #NFLDraft2015, #PacquiaoMayweather and it's finally Spring! One hell of a day #Chica‚Ä¶
Sat May 02 16:59:04 +0000 2015,SB: Victoria Slavik with an opposite field double, driving in Briana Kresback!! #Hawks lead 1-0 in the bottom of the 5th. #GoHawks
Sat May 02 16:55:58 +0000 2015,Just copped the Kyle Korver jersey #Hawks
Sat May 02 16:55:10 +0000 2015,#Health #Solution Losing Weight By Drinking More Water And Less Unhealthy Drinks http://t.co/yxV0uboHqS #Hawks #Fitness
Sat May 02 16:53:13 +0000 2015,RT @WashWizards: Atlanta it is... The #Wizards will take on the #Hawks in the second round!  Game 1 on Sunday at 1pm in ATL #dcRising
Sat May 02 16:52:24 +0000 2015,Tonight's the fight. Tomorrow is the first game of the #Hawks #Wizards series. Looks like a good weekend.
Sat May 02 16:50:59 +0000 2015,#Hawks Soar to close out #Nets, by @JESchott19, pics by @LolitaLens - http://t.co/tmDlvtZXMV
Sat May 02 16:49:36 +0000 2015,TIX http://t.co/MY3Vif2208 2 TIX Round 2 Atlanta #Hawks at Washington Wizards - Game 3 5/9‚Ä¶ http://t.co/uoq4M4tSro #Tickets #Ticket
Sat May 02 16:49:34 +0000 2015,TIX http://t.co/VQAWDAqIz5 4 TIX Round 2 Atlanta #Hawks vs WAS Wizards HG2 5/5 Philips Arena Sect-208 http://t.co/vTULf0CiCN #Tickets #NBA
Sat May 02 16:49:09 +0000 2015,TIX http://t.co/MY3Vif2208 L 4 Round 2 Washington Wizards at Atlanta #Hawks - Game 2 5/5‚Ä¶ http://t.co/TB28clrjl1 #Tickets #Ticket
Sat May 02 16:49:06 +0000 2015,Hawks Finish Off Nets With Game 6 Blowout #game #hawks #nets #the #radio #with #off #finish #post #blowout http://t.co/ctOS1zjeNg
Sat May 02 16:46:38 +0000 2015,SB: #Hawks strand 2 runners in the bottom of the 4th...still 0-0 here at the 2015 @CUNYAC @pepsi Championships #GoHawks #WeNeedRuns
Sat May 02 16:45:06 +0000 2015,And-Ones :Huertas, NBA Draft, Towns http://t.co/7ngPO5uGG4 #Hawks #NBA
Sat May 02 16:44:32 +0000 2015,Gli #Hawks affronteranno gli #Wizards, presentiamo la serie. http://t.co/kxIwxgGkEx
Sat May 02 16:44:06 +0000 2015,RT @HoopDistrictDC: #Wizards #Hawks Playoff Schedule. Plan your life accordingly. http://t.co/pECta99lTt
Sat May 02 16:42:36 +0000 2015,Yo! Hawks close out Nets with 41-point third quarter   http://t.co/N7socoXXxG  #atlanta #coach #hawks #nets
Sat May 02 16:42:04 +0000 2015,Roster Report| http://t.co/unnSoK69A9 #Hawks #NBA
Sat May 02 16:41:14 +0000 2015,LAST NIGHT:FINAL-2OT#Bolts 2, #Habs 1*TB leads 1-0*FINAL#Hawks 4, #Wild 3*CHI leads 1-0*
Sat May 02 16:40:34 +0000 2015,L C #Sports #Basketball Atlanta #Hawks Spud Webb 86-87 Throwback Jersey Mitchell &amp;amp;amp;amp;amp;amp;amp; Ness‚Ä¶ http://t.co/FJUeezGw7n
Sat May 02 16:40:29 +0000 2015,NBA Playoffs Preview: Atlanta #Hawks vs. Washington Wizards: Hawks ‚Äì Wizards will feature a‚Ä¶ http://t.co/g6NIiuU2sI
Sat May 02 16:40:13 +0000 2015,RT @topHawks: Horford happy Donovan made leap to NBA http://t.co/lnWI4wkShV #Hawks #NBA
Sat May 02 16:39:56 +0000 2015,If you need tix to the #Hawks playoff game tomorrow let me know! #ATLvsWAS
Sat May 02 16:38:43 +0000 2015,#Health #Solution Weight Destroyer Program Review http://t.co/cCrchEeqG2 #Hawks #Fitness
Sat May 02 16:37:06 +0000 2015,#ATLHawks #Hawks #atlanta Kyle Korver torches Nets from three-point distance in Game 6 (VIDEO) http://t.co/x6jobmOJwY
Sat May 02 16:36:11 +0000 2015,RT @SportsTalkATL: Your Atlanta Hawks advance to the Eastern Conference Semi-Finals! RT to show your support for your #Hawks!! http://t.co/‚Ä¶
Sat May 02 16:34:19 +0000 2015,TIX http://t.co/MY3Vif2208 L 4 Round 2 Washington Wizards at Atlanta #Hawks - Game 2 5/5‚Ä¶ http://t.co/0coEZHUVJz #Tickets #Ticket
Sat May 02 16:34:19 +0000 2015,TIX http://t.co/MY3Vif2208 4 TIX 5/3 NBA Eastern Conference Quarterfinals : Atlanta #Hawks v‚Ä¶ http://t.co/dwZzwg3Q0e #Tickets #Ticket
Sat May 02 16:34:16 +0000 2015,TIX http://t.co/VQAWDAqIz5 6 #Ticket Atlanta #Hawks vs Washington Wizards Playoffs Home Game 1 5/3‚Ä¶ http://t.co/gR5CdmzIpw #Tickets #NBA
Sat May 02 16:33:35 +0000 2015,#atlantahawks #ATLHawks #Hawks #atlanta MVP for series vs Wiz http://t.co/dyRxuf5RCL
Sat May 02 16:32:38 +0000 2015,http://t.co/b0Od0fW8od [NBC Sports: Pro Basketball Talk] - Kyle Korver torches Nets  #Hawks http://t.co/G16X9LcEQO
Sat May 02 16:31:59 +0000 2015,#Hawks
Sat May 02 16:30:04 +0000 2015,WOWOW„ÅÆ„É°„Ç§„Ç¶„Çß„Ç∂„ÉºÂØæ„Éë„ÉÉ„Ç≠„É£„Ç™Ë¶ã„Åü„ÅÑÂ•¥ÔΩóÔΩóÔΩóÔΩóÔΩóÔΩó http://t.co/41DzkGVhfW #hawks #„ÇΩ„Éï„Éà„Éê„É≥„ÇØ
Sat May 02 16:29:03 +0000 2015,RT @YahooSports: The #Hawks thump the #Nets in Game 6 to advance in the #NBAPlayoffs --&gt; http://t.co/tXz8o0l2QP
Sat May 02 16:28:41 +0000 2015,#Hawks won, #DerbyDay, Go Cubs Go, #NFLDraft2015, #PacquiaoMayweather and it's finally Spring! One hell of a day #Chicago
Sat May 02 16:28:25 +0000 2015,The #Wizards hope The Truth will set them free.The #Hawks want a mentally liberated series and a first East Final.http://t.co/XUyKgTdzAD
Sat May 02 16:27:01 +0000 2015,RT @SportsTalkATL: Your Atlanta Hawks advance to the Eastern Conference Semi-Finals! RT to show your support for your #Hawks!! http://t.co/‚Ä¶
Sat May 02 16:26:39 +0000 2015,New at @Bloguin#Wizards-#Hawks is a Bible-based basketball bonanza.A plentiful Pauline presence... and The Truthhttp://t.co/XUyKgTdzAD
Sat May 02 16:26:35 +0000 2015,Something's (finally) gotta give: #wizards haven't reached conference finals since 1979. #hawks? Not since 1970,‚Ä¶ http://t.co/EU115MlXAh
Sat May 02 16:25:22 +0000 2015,‚òÖË≠≤‚òÖ Á¶èÂ≤°„ÇΩ„Éï„Éà„Éê„É≥„ÇØ„Éõ„Éº„ÇØ„Çπ ÂØæ ÂçÉËëâ„É≠„ÉÉ„ÉÜ„Éû„É™„Éº„É≥„Ç∫ 2015 5/6 (Ê∞¥) Á¶èÂ≤° „É§„Éï„Ç™„ÇØ!„Éâ„Éº„É†„ÅÆ„ÉÅ„Ç±„ÉÉ„Éà2ÊûöË≠≤„Çä„Åæ„Åô‚ô™ „Éõ„Éº„ÇØ„ÇπÂøúÊè¥Â∏≠ÊåáÂÆö 1Â°ÅÂÅ¥Â§ñÈáé„Çπ„Çø„É≥„Éâ 30ÈÄöË∑Ø‚Ä¶ http://t.co/wJn27GPWbQ #„ÇΩ„Éï„Éà„Éê„É≥„ÇØ„Éõ„Éº„ÇØ„Çπ #„Éõ„Éº„ÇØ„Çπ #Hawks
Sat May 02 16:25:11 +0000 2015,L NBA #AtlantaHawks NBA Atlanta Hawks Flat Brim Flex Fit Hat Cap Size Small/Medium #Hawks #Sports http://t.co/JkcEd4YtnD
Sat May 02 16:25:10 +0000 2015,#Hawks Tweets: If you missed last night's game, here's a recap of how we took control‚Ä¶ http://t.co/a9XXFRbqBR #NBA http://t.co/WOWHUPGuaq
Sat May 02 16:25:05 +0000 2015,„ÉØ„Ç§„ÄåÂ∑•Ëó§„Åã„ÇâÁÑ°ËÉΩËá≠„Åå„Åô„Çã„É≥„Ç¥„Éª„Éª„Éª„Äç #Hawks #npb #„Éó„É≠ÈáéÁêÉ http://t.co/ttvCKWEqdN https://t.co/OxTOHntIJ1
Sat May 02 16:24:59 +0000 2015,@MrCoreyTran 1Tweet4 @AtlantaHawksX2 Fans, Follow #Hawks News, Player Tweets, UTubes, Pics, Stats &amp; More! Visit http://t.co/VPHTBRBmBH RT!
Sat May 02 16:24:36 +0000 2015,[ÂÆöÊúü] Á¶èÂ≤° „É§„Éï„Ç™„ÇØ!„Éâ„Éº„É†„ÅÆ„Éö„Éº„Ç∏„ÇíÂÖ¨Èñã„Åó„Åæ„Åó„Åü„ÄÇhttp://t.co/853ZwHaOjm ‚Ä¶ „Åß„Åô„ÄÇ#sbhawks #fukuoka #Á¶èÂ≤° #yahoo #yahuoku #hawks
Sat May 02 16:24:11 +0000 2015,Go #Hawks. Puzzle of all NHL teams. Now $10. http://t.co/twKMmiE5HA
Sat May 02 16:23:59 +0000 2015,http://t.co/EEkB0NdMH9: Paul George vs Atlanta Hawks 2014.01.08 http://t.co/MOpKrhycFP #atlanta #george #hawks #paul
Sat May 02 16:23:57 +0000 2015,http://t.co/EEkB0NdMH9: Mike Conley #throws... http://t.co/ik1KlMIdBF #atlanta #conley #davis #grizzlies #hawks #march #mike #timberwolves
Sat May 02 16:23:51 +0000 2015,Since the merger, 83% of #NBA champs have had 54 or more pythagorean wins. Bodes well for the #Warriors, #Hawks, and winner of SA-LAC.
Sat May 02 16:23:32 +0000 2015,New at @Bloguin and CC, by @mzemek#Wizards - #Hawks Is A Biblical Basketball Series -- It's A Book Of Revelation http://t.co/XUyKgTdzAD
Sat May 02 16:23:17 +0000 2015,#NBAPlayoffsThe Atlanta #Hawks advance in an ugly fashion http://t.co/IoMZF3dO4f via @www.twitter.com/ffsportstalk
Sat May 02 16:23:07 +0000 2015,#Health #Solution Good And Healthy Eating Habits Are Easy To Implement With This Overview http://t.co/SxrCjerH3f #Hawks #Fitness
Sat May 02 16:22:44 +0000 2015,SB: #Hawks leave 1 runner on in the bottom of the 2nd...0-0 heading to the 3rd at the @CUNYAC @pepsi Championships #GoHawks #cunychamps
Sat May 02 16:22:37 +0000 2015,RT @HoopDistrictDC: Last time #Bullets and #Hawks played in Conference Semifinals the defending Champs won in 7 games. The year: 1979 http:‚Ä¶
Sat May 02 16:22:25 +0000 2015,RT @WashWizards: Atlanta it is... The #Wizards will take on the #Hawks in the second round!  Game 1 on Sunday at 1pm in ATL #dcRising
Sat May 02 16:21:57 +0000 2015,RT @shawtyz3: If the #Hawks can get back 2 there January 2015 form &amp; play like they did n game 6 against da nets then I think we can beat t‚Ä¶
Sat May 02 16:20:50 +0000 2015,RT @shawtyz3: Man If the #Hawks can get by the Wizards then this will officially be the best team in franchise history.
Sat May 02 16:19:08 +0000 2015,TIX http://t.co/MY3Vif2208 L 6 Tickets Atlanta #Hawks vs Washington Wizards Playoffs Home Game 1‚Ä¶ http://t.co/Gz7WX5BnRK #Tickets #Ticket
Sat May 02 16:19:07 +0000 2015,L L NBA #AtlantaHawks Atlanta Hawks Jersey # 55 Mutombo #Hawks #Sports http://t.co/X1dAn5vs77
Sat May 02 16:17:37 +0000 2015,TIX http://t.co/VQAWDAqIz5 4 TIX Round 2 Atlanta #Hawks at Washington Wizards - Game 4 5/11 Verizon‚Ä¶ http://t.co/9jj7ULCpRt #Tickets #NBA
Sat May 02 16:17:11 +0000 2015,TIX http://t.co/MY3Vif2208 4 TIX Round 2 Atlanta #Hawks at Washington Wizards - Game 4 5/11‚Ä¶ http://t.co/TmKu7UB0gY #Tickets #Ticket
Sat May 02 16:16:39 +0000 2015,The #Atlanta #Hawks will beat the DC #Wizards in 6 games. #TruetoAtlanta
Sat May 02 16:15:54 +0000 2015,2015 NBA Playoffs: Schedule set for Hawks-Wizards semifinals http://t.co/8Litjzxrq1 @chatsports #Hawks #NBA
Sat May 02 16:15:35 +0000 2015,RT @nivea_mc: #Ladyhawke....#shakira  #Hawks http://t.co/es7QxaDWSh
Sat May 02 16:15:13 +0000 2015,Horford happy Donovan made leap to NBA http://t.co/lnWI4wkShV #Hawks #NBA
Sat May 02 16:13:17 +0000 2015,L L B #Sports #Basketball Vtg Throwback 86-87 NBA ATLANTA #Hawks #21 WILKINS Mitchell &amp;amp;amp;amp;amp;amp; Ness‚Ä¶ http://t.co/0VqGLeWVDo
Sat May 02 16:12:34 +0000 2015,http://t.co/b0Od0fW8od [True Hoop: Truth About It] - G-Wiz in the Garden of Good and #Hawks http://t.co/a6JG98iTlk
Sat May 02 16:12:16 +0000 2015,RT @nivea_mc: #Ladyhawke....#shakira  #Hawks http://t.co/es7QxaDWSh
Sat May 02 16:09:59 +0000 2015,RT @929TheGame: #Hawks disposed of #Nets &amp; are getting ready for #Wizards. @CVivlamoreAJC joins @JohnFricke @Bighugh53 with his thoughts on‚Ä¶
Sat May 02 16:09:24 +0000 2015,SB: #Hawks leave 2 on base in the bottom of the 1st...0-0 at the end of 1 at the @CUNYAC @pepsi Championship #GoHawks #cunychamps
Sat May 02 16:08:36 +0000 2015,RT @austinpeters24: @DeMarreCarroll1 is one of the most undervalued players in the league! Just had an amazing series! #JunkyardDog #Mizzou‚Ä¶
Sat May 02 16:05:54 +0000 2015,RT @929TheGame: #Hawks disposed of #Nets &amp; are getting ready for #Wizards. @CVivlamoreAJC joins @JohnFricke @Bighugh53 with his thoughts on‚Ä¶
Sat May 02 16:05:40 +0000 2015,#Hawks disposed of #Nets &amp; are getting ready for #Wizards. @CVivlamoreAJC joins @JohnFricke @Bighugh53 with his thoughts on the next round!
Sat May 02 16:04:12 +0000 2015,RT The #Hawks thump the #Nets in Game 6 to advance in the #NBAPlayoffs --&amp;gt; http://t.co/Y7j2ldYOAN #SportsRoadhouse
Sat May 02 16:02:06 +0000 2015,L B #Sports #Basketball NWOT Blank Atlanta #Hawks Dominique Wilkins 1986-87 Hardwood Classics jersey‚Ä¶ #Bestseller‚Ä¶ http://t.co/SFFGDRLg1W
Sat May 02 16:01:40 +0000 2015,TIX http://t.co/MY3Vif2208 4 TIX Round 2 Washington Wizards at Atlanta #Hawks - Game 2 5/5‚Ä¶ http://t.co/TB28clrjl1 #Tickets #Ticket
Sat May 02 16:01:10 +0000 2015,TIX http://t.co/VQAWDAqIz5 2 TIX Round 2 Atlanta #Hawks at Washington Wizards - Game 4 5/11 Verizon‚Ä¶ http://t.co/D7tPywBUZH #Tickets #NBA
Sat May 02 16:00:56 +0000 2015,Joe Johnson gives The Nets 12pts in game 6 season ending game. Again, Great move by the #Hawks getting rid of him &amp; his Lebron type salary.
Sat May 02 16:00:26 +0000 2015,#Hawks' owner-in-waiting Tony Ressler fits recent trend in NBA ownership: http://t.co/CrsQCXrE1Q
Sat May 02 16:00:13 +0000 2015,Yo! Nets Tie Series At 2 With 120-115 OT Win Over Atlan  http://t.co/63qmAVkjNn  #games #hawks #nets #williams
Sat May 02 16:00:06 +0000 2015,#VSportsCD The #Hawks thump the #Nets in Game 6 to‚Ä¶ http://t.co/NMWvomU2Uy #Hawks #Nets #NBAPlayoffs #NBA #NFL #tcot http://t.co/3IZI1aXl4R
Sat May 02 15:59:36 +0000 2015,Underway in game 5 of the @CUNYAC tournament! #Hawks vs @BklynCollege411! #GoHawks
Sat May 02 15:59:25 +0000 2015,The #Hawks thump the #Nets in Game 6 to advance in the #NBAPlayoffs --&gt; http://t.co/tXz8o0l2QP
Sat May 02 15:59:24 +0000 2015,http://t.co/b0Od0fW8od 4 TIX Round 2 Washington Wizards at Atlanta Hawks - Game 2 5/ #Hawks http://t.co/vqBXCnxz1B
Sat May 02 15:58:53 +0000 2015,RT @JimboBrighters: I'm taking #Hawks in 6 over #Wizards. I think WAS will have trouble defending ATL bigs outside the lane. #NBAPlayoffs
Sat May 02 15:58:37 +0000 2015,#Sports #Basketball ATLANTA #Hawks GREEN JERSEY MENS SHAREEF #3 NIKE (2XL) http://t.co/JNrS3KXMSr #Bestseller #Buy
Sat May 02 15:58:36 +0000 2015,#NBA #AtlantaHawks ATLANTA HAWKS GREEN JERSEY MENS SHAREEF #3 NIKE (2XL) http://t.co/lywcLxPiGr #Hawks #Sports
Sat May 02 15:57:31 +0000 2015,RT @WashWizards: Atlanta it is... The #Wizards will take on the #Hawks in the second round!  Game 1 on Sunday at 1pm in ATL #dcRising
Sat May 02 15:56:27 +0000 2015,http://t.co/aQoWpp3SYy NEC Championship game. #Hawks
Sat May 02 15:55:18 +0000 2015,RT @CFBZ: From @crossoverNBA Locker: Watch Kyle Korv3r drain six 3's in series finale win over Brooklyn #Hawks #ATLHawks http://t.co/V3NK‚Ä¶
Sat May 02 15:54:16 +0000 2015,RT @shawtyz3: Man If the #Hawks can get by the Wizards then this will officially be the best team in franchise history.
Sat May 02 15:53:06 +0000 2015,#Health #Solution Slimming Weight Loss http://t.co/ap7Xi1Eui8 #Hawks #Fitness
Sat May 02 15:52:04 +0000 2015,L L B #Sports #Basketball Atlanta #Hawks Spud Webb 86-87 Throwback Jersey Mitchell &amp;amp;amp;amp;amp;amp; Ness‚Ä¶ http://t.co/Xe8Oq7LemY
Sat May 02 15:49:56 +0000 2015,RT @SportsTalkATL: Your Atlanta Hawks advance to the Eastern Conference Semi-Finals! RT to show your support for your #Hawks!! http://t.co/‚Ä¶
Sat May 02 15:49:05 +0000 2015,TIX http://t.co/MY3Vif2208 L L 2 Round 2 Washington Wizards at Atlanta #Hawks - Game 1 5/4‚Ä¶ http://t.co/rpxnZU9dcF #Tickets #Ticket