Sat May 02 17:12:59 +0000 2015,@GldaneKurt1 #Hornets @ajhieidd Please RT. #t4a #6QtI
Sat May 02 17:12:28 +0000 2015,Go Rodney ! #hornets ğŸ”´ğŸ”µğŸ”´ğŸ”µ https://t.co/oPdhVTOXN7
Sat May 02 17:07:23 +0000 2015,RT @PeterBell19: What goes around comes around #watfordfc isn't that what you said to #AFCB? Well done on being #runnersup in the #Championâ€¦
Sat May 02 17:07:05 +0000 2015,#Hornets (Deleware State) Rodney Gunter to #Arizona #Cardinals 6'5 305 not a high team player solid solo tackler but struggles vs qb's run
Sat May 02 17:05:08 +0000 2015,Final Regular Season Grades for Every Charlotte Hornets Player http://t.co/U1al6bHwfG #Hornets #NBA
Sat May 02 17:04:03 +0000 2015,#NBA #Hornets - Vtg Charlotte Hornets Big Logo Snapback Hat:  $25.00End Date: Saturday ... http://t.co/bObAaDJyRC http://t.co/lQmogZfBKD
Sat May 02 17:04:02 +0000 2015,#NBA #Hornets - Vtg Charlotte Hornets Big Logo Snapback Hat:  $25.00End Date: Saturday ... http://t.co/pftbIK8zRI http://t.co/k33Sm3HFUt
Sat May 02 17:01:40 +0000 2015,RT @seghirsam: ğŸ #Hornets http://t.co/dwVYo2q9a4
Sat May 02 17:01:28 +0000 2015,What goes around comes around #watfordfc isn't that what you said to #AFCB? Well done on being #runnersup in the #Championship #Hornets
Sat May 02 17:00:05 +0000 2015,Vydra 'a little angry' he was denied first title http://t.co/wDDglsKBs2 #watfordfc #hornets
Sat May 02 17:00:04 +0000 2015,Jokanovic: The referee is a heartbreaker; I remember him from Bournemouth http://t.co/ng7fFFRzWj #watfordfc #hornets
Sat May 02 16:57:47 +0000 2015,@ekomuhyisyafaat #Hornets @ajhieidd Please RT. #t4a #93ql
Sat May 02 16:57:35 +0000 2015,Buzzed!!! #EarlyBird #Hornets #V https://t.co/DldPa78hDV
Sat May 02 16:49:40 +0000 2015,Jokanovic questions referee calls http://t.co/fZ0yqLvGPA #watfordfc #hornets
Sat May 02 16:45:01 +0000 2015,Watford FC cases for iPhone 4 4s 5 5s &amp; 6 #wfc #watfordfc #hornets http://t.co/dGsQG2joK4 http://t.co/ycgMOaZ2aL
Sat May 02 16:42:40 +0000 2015,@DL_YT #Hornets @ajhieidd Please RT. #t4a #cVjk
Sat May 02 16:41:55 +0000 2015,Who knew Hornets&amp;#x92; Mo Williams still had big shots in him? - http://t.co/h36WidVrdW #Hornets
Sat May 02 16:40:07 +0000 2015,Prospect Profile :Tyus Jones http://t.co/ED5UPuIRVY #Hornets #NBA
Sat May 02 16:35:24 +0000 2015,Well done @watfordfcsays #hornets looking forward to seeing you @hertscraftbeer 5th Sept #watford
Sat May 02 16:34:24 +0000 2015,#NBA Miami #Heat gets gut-check win vs. Charlotte #Hornets http://t.co/7cbrHSD3HA
Sat May 02 16:27:49 +0000 2015,@PUENIEPUN #Hornets @ajhieidd Please RT. #t4a #rKjS
Sat May 02 16:15:06 +0000 2015,Northwest Notes :Donovan, Blazers, Thunder http://t.co/eSrTygh0SY #Hornets #NBA
Sat May 02 16:13:59 +0000 2015,Jokanovic rages at referee http://t.co/rMxNDnbTnU #watfordfc #hornets
Sat May 02 16:12:47 +0000 2015,@fanshah_ #Hornets @ajhieidd Please RT. #t4a #jEL8
Sat May 02 16:12:28 +0000 2015,#NBA #Heat get gut check win vs #Hornets http://t.co/okKRxr4kIg
Sat May 02 16:06:53 +0000 2015,Hand Of JEHOVAH, JESUS CHRIST repels Heat, Lebron - http://t.co/CknCHX1qlV #Hornets
Sat May 02 16:02:59 +0000 2015,@Dnvn25 1Tweet4 @HornetsX2 Fans, Follow Team/Player Tweets, UTubes, Stats, Pics &amp; MORE! Visit http://t.co/qaOE6otQR0 RT! #Hornets
Sat May 02 15:58:37 +0000 2015,#NBA #Hornets - Vintage NBA Charlotte Hornets Apex One Jacket Coat - Basketball Size La... http://t.co/ftrj4aKxa1 http://t.co/lQmogZfBKD
Sat May 02 15:57:39 +0000 2015,@kecykk_ #Hornets @ajhieidd Please RT. #t4a #8BwH
Sat May 02 15:56:35 +0000 2015,New hat, new specs, new crepes #nike #hornets #storm https://t.co/TXc6Mvb5Zc
Sat May 02 15:50:04 +0000 2015,2014/15 D-League Usage Report :Pacers http://t.co/a4YQHjRcuU #Hornets #NBA
Sat May 02 15:45:52 +0000 2015,'We were like a rabbit in the headlights' http://t.co/tn9cY2DseF #watfordfc #hornets
Sat May 02 15:43:42 +0000 2015,#Panthers &amp; #Hornets #moms https://t.co/nshu8QD8DY
Sat May 02 15:37:13 +0000 2015,I GOT 5z ON IT!! âœŠâœŠ #retro #kicks #sneaker #hornets NAVY BLUES https://t.co/WCdLXEvPho
Sat May 02 15:35:11 +0000 2015,RT @OmahaHornets: 2 big games for us today. We have 2 games against OSA freshman teams. A big chance for us to compete against good competiâ€¦
Sat May 02 15:34:19 +0000 2015,RT @_TBarker: Big playoff game against the Bombers at Forest Park at 2....if you can make it let me know if not wish me luck #BlackYellow #â€¦
Sat May 02 15:33:48 +0000 2015,@JenniferAishath #Hornets @ajhieidd Please RT. #t4a #Rge7
Sat May 02 15:31:01 +0000 2015,RT @OmahaHornets: 2 big games for us today. We have 2 games against OSA freshman teams. A big chance for us to compete against good competiâ€¦
Sat May 02 15:29:21 +0000 2015,RT @OmahaHornets: 2 big games for us today. We have 2 games against OSA freshman teams. A big chance for us to compete against good competiâ€¦
Sat May 02 15:28:43 +0000 2015,ğŸ™ğŸ‘Ÿ#retro5 #gr #hornets https://t.co/zYGdivpYLm
Sat May 02 15:28:15 +0000 2015,Miami #Heat gets gut-check win vs. Charlotte #Hornets #NBA http://t.co/NTW9BR35qn
Sat May 02 15:28:11 +0000 2015,#NBA #Heat get gut check win vs #Hornets http://t.co/HU8hyWY4qy
Sat May 02 15:26:32 +0000 2015,RT @hornets_fans10: 2014-15 Season in Review | Gerald Henderson - http://t.co/MgZ42jIQRN #Hornets
Sat May 02 15:25:56 +0000 2015,2 big games for us today. We have 2 games against OSA freshman teams. A big chance for us to compete against good competition #Hornets
Sat May 02 15:25:04 +0000 2015,And-Ones :Huertas, NBA Draft, Towns http://t.co/YlqO32yOHi #Hornets #NBA
Sat May 02 15:23:44 +0000 2015,@isaiahalmanzar 1Tweet4 @HornetsX2 Fans, Follow Team/Player Tweets, UTubes, Stats, Pics &amp; MORE! Visit http://t.co/qaOE6otQR0 RT! #Hornets
Sat May 02 15:18:28 +0000 2015,@robertore62 #Hornets @ajhieidd Please RT. #t4a #c3Rd
Sat May 02 15:18:27 +0000 2015,The day ends badly as #Wednesday equalised &amp; then desperate last efforts by #hornets to force a winner. http://t.co/dbPZ9rIPLd
Sat May 02 15:13:47 +0000 2015,2 sizes left 11 and 11 1/2, who wants them? #Retro5 #Jordan's #Hornets https://t.co/q0RiG21JS6
Sat May 02 15:12:11 +0000 2015,Got them #5s #Hornets ğŸ”¥ğŸ”¥ğŸ‘Œ #Size12 #Size10 available #250 #DmMe #Retro5s #Jordans #Kicks #Sneakersâ€¦ https://t.co/vjVeW3BwCJ
Sat May 02 15:12:07 +0000 2015,2014-15 Season in Review | Gerald Henderson - http://t.co/MgZ42jIQRN #Hornets
Sat May 02 15:09:09 +0000 2015,RT @ajhieidd: @For_Ever_Trill #Hornets @ajhieidd Please RT. #t4a #ETfJ
Sat May 02 15:03:34 +0000 2015,@For_Ever_Trill #Hornets @ajhieidd Please RT. #t4a #ETfJ
Sat May 02 15:02:01 +0000 2015,My baby had a great game!! #hornets #teamzuill https://t.co/veAK1cTVg5
Sat May 02 14:55:14 +0000 2015,New Charlotte Hornets Rumors. Friday, May 1 2015 http://t.co/YZ100KHabv #Hornets #NBA
Sat May 02 14:55:10 +0000 2015,#NBA #Hornets - Charlotte Hornets XXL Mitchell and Ness  Role Player Fleece Throwback  ... http://t.co/8UU6ekR5NK http://t.co/lQmogZfBKD
Sat May 02 14:55:10 +0000 2015,#NBA #Hornets - Vintage 1990's Charlotte Hornets Starter Jacket Men's Size XL! (OR#64):... http://t.co/RERLsWu1M0 http://t.co/lQmogZfBKD
Sat May 02 14:55:09 +0000 2015,#NBA #Hornets - Charlotte Hornets XXL Mitchell and Ness  Role Player Fleece Throwback  ... http://t.co/gdThlxN19i http://t.co/k33Sm3HFUt
Sat May 02 14:55:09 +0000 2015,#NBA #Hornets - Vintage 1990's Charlotte Hornets Starter Jacket Men's Size XL! (OR#64):... http://t.co/M1iGOdYiI7 http://t.co/k33Sm3HFUt
Sat May 02 14:54:29 +0000 2015,THANK YOU @KicksDeals just got my Size 11 #Hornets with no troubles this morning #RESPECT #sneakerhead
Sat May 02 14:54:05 +0000 2015,Who copped this morning? #Viewmykicks #Kotd #Jordan5 #Hornets #Certifiedshot @ #ViewMyKicks on yourâ€¦ https://t.co/KHH55oHBD6
Sat May 02 14:52:29 +0000 2015,RT @salutetaee_: Alabama State University #MyASU19 #Hornets ğŸ’›ğŸ #NationalDecisionDay ğŸ“
Sat May 02 14:52:19 +0000 2015,Painful Stalemate ruins @ighalojude  @watfordfcsays title bid. Welcome to @premierleague Good to see #Hornets
Sat May 02 14:50:44 +0000 2015,#Kotwâ€¼ï¸ #Retro5 #Hornetsâœ…ğŸ’¯ğŸ”¥ğŸ”¥ğŸ”¥ğŸ”¥ğŸ”¥ğŸ”¥ğŸ”¥ğŸ”¥ğŸ”¥ğŸ”¥ğŸ”¥ğŸ”¥ğŸ”¥ğŸ”¥ğŸ”¥ğŸ”¥ http://t.co/T9bmbvcMWt
Sat May 02 14:48:32 +0000 2015,@FoundersGirl #Hornets @ajhieidd Please RT. #t4a #ZtAq
Sat May 02 14:45:54 +0000 2015,@tita_simona 1Tweet4 @HornetsX2 Fans, Follow Team/Player Tweets, UTubes, Stats, Pics &amp; MORE! Visit http://t.co/qaOE6otQR0 RT! #Hornets
Sat May 02 14:44:07 +0000 2015,Miami #Heat gets #NBA gut-check win vs #Hornets http://t.co/0c1VNZ5MEs
Sat May 02 14:35:04 +0000 2015,Miami #Heat gets gut-check win vs. Charlotte #Hornets #NBA http://t.co/GK9HwGxgDp http://t.co/6R6FYQtZL7
Sat May 02 14:31:34 +0000 2015,Jordan 5s#hornets Gotteeeeeemmm https://t.co/611cx8eRGt
Sat May 02 14:31:08 +0000 2015,#Watford Watford 1-1 Sheffield Wednesday: Atdhe Nuhiu's late strike sees Sheffield Wednesda... http://t.co/tCavpLedPZ #Hornets #Football
Sat May 02 14:30:13 +0000 2015,NBA Playoffs open thread (April 29th) http://t.co/lnN95wJu0A #Hornets #NBA
Sat May 02 14:29:56 +0000 2015,Big playoff game against the Bombers at Forest Park at 2....if you can make it let me know if not wish me luck #BlackYellow #Hornets
Sat May 02 14:22:13 +0000 2015,Miami #Heat gets #NBA gut-check win vs #Hornets http://t.co/V5vXCdkTDO
Sat May 02 14:22:12 +0000 2015,#NBA Miami #Heat gets gut-check win vs. Charlotte #Hornets http://t.co/sLgHxMH6yp
Sat May 02 14:22:10 +0000 2015,Miami #Heat gets gut-check win vs. Charlotte #Hornets #NBA http://t.co/pZXGUiRY53
Sat May 02 14:11:10 +0000 2015,#CharlotteHornets #charlotte #Hornets NBA Saturday: What a Difference a Year Makes http://t.co/Kj0oQvqi2T
Sat May 02 14:10:38 +0000 2015,Kick game is just rude don't get juijitsued ğŸ‘ŒğŸ™ğŸ‘ŒğŸ’¯ğŸ”¥âœŠğŸ‘ŠğŸ™ŒğŸ’°ğŸ”ŒğŸ’¸ğŸ’ªğŸ˜ #Jordan #Retro #5s #Hornets #Jsâ€¦ https://t.co/YXBe4GYXz5
Sat May 02 14:05:13 +0000 2015,2014-15 Player Report Cards :Jason Maxiell http://t.co/1Dsvn0ChW0 #Hornets #NBA
Sat May 02 14:04:23 +0000 2015,@jay_mizzle85 @HornetsX2 Fans get FREE AmazonPrime! Get 40,000+ Movies/TV Shows &amp; 500K+ Ebooks. http://t.co/HNN9nfgk7G RT! #Hornets
Sat May 02 14:03:52 +0000 2015,@nambepatrickGH #Hornets @ajhieidd Please RT. #t4a #TaNu
Sat May 02 14:02:02 +0000 2015,2014-15 Season in Review | Michael Kidd-Gilchrist - http://t.co/ofRQg3gCnT #Hornets
Sat May 02 14:00:54 +0000 2015,Miami #Heat gets #NBA gut-check win vs #Hornets http://t.co/JEJ3CmWjtQ
Sat May 02 13:55:20 +0000 2015,To all Watford fans, hahahahahahahaha you cunts #Watford #hornets #watfordfc
Sat May 02 13:52:16 +0000 2015,#Hornets 5s #MeetThaHustla $25 Tees or 3 for $50 #Twenty4Seven #MeetThaHustla https://t.co/g8F0JbUMl2
Sat May 02 13:48:21 +0000 2015,@iamCoryB #Hornets @ajhieidd Please RT. #t4a #lBxh
Sat May 02 13:46:50 +0000 2015,#Hornets 5s #Release today #MeetThaHustla Tees $25 or 3 for $50 #FollowUs _hustlaapparelâ€¦ https://t.co/McZ5fJfQ0h
Sat May 02 13:44:00 +0000 2015,Injury-time equaliser denies Watford title http://t.co/zrVX9MpUOY #watfordfc #hornets
Sat May 02 13:44:00 +0000 2015,Watford miss out on title glory http://t.co/5F89MO3tp9 #watfordfc #hornets
Sat May 02 13:43:48 +0000 2015,Il Sole 24 Ore: #Watford per i #Pozzo un giro dâ€™affari da 150 mln #Hornets #WatfordFc #Udinese #Udinese_!896â€¦ http://t.co/p5lVVSJYwr
Sat May 02 13:42:11 +0000 2015,Air Jordan #Retro5 '#Hornets'Dropping in 19 minutes.$245 CDN / $201 USD http://t.co/2IjTiGHoIL
Sat May 02 13:40:12 +0000 2015,Top five Charlotte Hornets links of the week (May 1) http://t.co/XehySJDUQX #Hornets #NBA
Sat May 02 13:40:07 +0000 2015,The Championship season has ended in dramatic fashion http://t.co/cc65jwJ2je #AFCB #DCFC #ITFC #NCFC #Bees #Hornets http://t.co/n96iGzd5OK
Sat May 02 13:36:13 +0000 2015,Next time let's play the game &amp; win before worrying about getting on the grass #wfc #watford #idiots #pitchinvasion #costusthetitle #hornets
Sat May 02 13:33:28 +0000 2015,@GenteDeBorgata #Hornets @ajhieidd Please RT. #t4a #XGVg
Sat May 02 13:27:00 +0000 2015,Charlotte Hornets center Al Jefferson limited by constant double-teams - http://t.co/PkFHLRwBsn #Hornets
Sat May 02 13:26:58 +0000 2015,#Watford Watford 1-1 Sheffield Wednesday: Atdhe Nuhiu's late strike sees Sheffield Wednesda... http://t.co/tCavpLedPZ #Hornets #Football
Sat May 02 13:24:25 +0000 2015,@fromthedepthsPA 1Tweet4 @HornetsX2 Fans, Follow Team/Player Tweets, UTubes, Stats, Pics &amp; MORE! Visit http://t.co/qaOE6otQR0 RT! #Hornets
Sat May 02 13:16:27 +0000 2015,Miami #Heat gets gut-check win vs. Charlotte #Hornets #NBA http://t.co/9lVYsRGk2D
Sat May 02 13:16:10 +0000 2015,#NBA Miami #Heat gets gut-check win vs. Charlotte #Hornets http://t.co/rjwlP8ZNDY
Sat May 02 13:15:11 +0000 2015,Kemba Walker's uphill battle to improve his long range shooting http://t.co/BCsSXsfGF0 #Hornets #NBA
