Sat May 02 17:02:05 +0000 2015,#Knicks #Cards 2014-15 Donruss Swirlorama #131 Tim Hardaway Jr. - New York Knicks http://t.co/ecokReZapY #Card #Deals
Sat May 02 17:01:16 +0000 2015,#Apparel #Souvenirs NBA Hardwood Classics #NewYork #Knicks Inside Out T-Shirt M http://t.co/XpEvcw1iIV #NBA #Auction
Sat May 02 17:01:15 +0000 2015,RT @NY_Knicks_Fans1: #Apparel #Souvenirs #NewYork #Knicks Women's Team Boy Shorts Underwear - Black http://t.co/AaBlBWk4Ee #NBA #Auction
Sat May 02 17:01:14 +0000 2015,RT @NY_Knicks_Fans1: L L B #Baseball NBA Amare Stoudemire #NewYork #Knicks Autographed 8x10 Photo GAI #onsale #Discount http://t.co/UpNNW0H‚Ä¶
Sat May 02 16:58:13 +0000 2015,RT @BingeTube: http://t.co/EEkB0NdMH9: Are New York Knicks and Melo In Trouble! ESPN First... http://t.co/cmPfvjjcum #espn #knicks #melo #y‚Ä¶
Sat May 02 16:57:06 +0000 2015,L #Apparel #Souvenirs #Adidas Men's #NewYork #Knicks Pro #Basketball NBA Adjustable Cap Hat Blue NBA #Auction http://t.co/XCGgy0mxrz
Sat May 02 16:55:07 +0000 2015,#WeightLoss #Fit Why Don't Doctors Prescribe More Weight-Loss Drugs? http://t.co/Sy2JQlEldf #Knicks #Sports
Sat May 02 16:52:13 +0000 2015,RT @NY_Knicks_Fans1: #NBA #Knicks NIKE AIR JORDAN MELO 1.5 sz 9 631310 108 knicks max 3 4 5 11 lot retro http://t.co/v9S9pFRglE #Offers #De‚Ä¶
Sat May 02 16:52:13 +0000 2015,RT @NY_Knicks_Fans1: #Apparel #Souvenirs #NewYork #Knicks Women's Team Boy Shorts Underwear - Black http://t.co/AaBlBWk4Ee #NBA #Auction
Sat May 02 16:52:12 +0000 2015,RT @NY_Knicks_Fans1: L L B #Baseball NBA Amare Stoudemire #NewYork #Knicks Autographed 8x10 Photo GAI #onsale #Discount http://t.co/UpNNW0H‚Ä¶
Sat May 02 16:51:26 +0000 2015,RT @NYKNotifi: Tim Hardaway with the dunk over Ray Allen. #Knicks https://t.co/0zCtqxzqIP
Sat May 02 16:50:04 +0000 2015,2014/15 D-League Usage Report :Pacers http://t.co/3FkCMxUU6U #knicks #NBA
Sat May 02 16:48:08 +0000 2015,It's May, @i_am_iman month! Got a lot of love for #Shump üíôüèÄüíô #Knicks #HesaSoldier https://t.co/9eP4aeFyIb
Sat May 02 16:46:37 +0000 2015,L L #Baseball NBA 1991 STARTING LINEUP - SLU - NBA - PATRICK EWING - #NewYork #Knicks #onsale #Discount http://t.co/99nEYcwDFQ
Sat May 02 16:45:11 +0000 2015,#Apparel #Souvenirs #Adidas #NewYork #Knicks #Basketball LONG SLEEVE T-SHIRT MEN'S SIZE XL, NICE! http://t.co/utIcmGhseX #NBA #Auction
Sat May 02 16:40:36 +0000 2015,Playoff Spot Still in Reach for the Heat| http://t.co/UvuKFHifd0 #Knicks
Sat May 02 16:40:34 +0000 2015,L #Baseball NBA MENS #NewYork #Knicks TANK TOP M #onsale #Discount http://t.co/UYiCxIlnhO
Sat May 02 16:38:43 +0000 2015,#WeightLoss #Fit Losing Belly Fat Is Not Rocket Science! Here's Why http://t.co/9AHMdI0Z9Y #Knicks #Sports
Sat May 02 16:36:06 +0000 2015,#SBNation #Knicks The winner of the Derby determines the Knicks pick http://t.co/OF8z2mpuEC http://t.co/pZhwAkvfQc
Sat May 02 16:35:06 +0000 2015,L NBA #Knicks MENS #NewYork KNICKS TANK TOP M #Offers #Deals http://t.co/y3WYMm6UL1
Sat May 02 16:34:29 +0000 2015,#Knicks at #Magic game preview http://t.co/Re5b2z7rY7 #NBA
Sat May 02 16:34:20 +0000 2015,RT @NYKNotifi: #FlashbackFriday https://t.co/MDc7gghaPx #Knicks
Sat May 02 16:29:37 +0000 2015,L #Apparel #Souvenirs #Adidas Swingman NBA #Jersey #Knicks Amare Stoudemire Black Vibe sz M NBA #Auction http://t.co/BLssFAyDTv
Sat May 02 16:28:44 +0000 2015,Iman Shumpert dunks on Joakim Noah! #Knicks https://t.co/OnBFxwgUeU
Sat May 02 16:27:55 +0000 2015,A great win!! #knicks üèÄ #anothergamenext #doubleheader http://t.co/cOw4XmZObC
Sat May 02 16:26:26 +0000 2015,RT @NYKNotifi: Tim Hardaway with the dunk over Ray Allen. #Knicks https://t.co/0zCtqxzqIP
Sat May 02 16:25:07 +0000 2015,L L B #Knicks #Cards 2014 National Treasures Raymond Felton 13-14 Treasures black printing plate 1/1 #Card #Deals http://t.co/xy0ayGdOOy
Sat May 02 16:25:04 +0000 2015,And-Ones :Huertas, NBA Draft, Towns http://t.co/kNuXhmlaQv #knicks #NBA
Sat May 02 16:23:52 +0000 2015,Phil Jackson's start with the #Knicks in a nutshell https://t.co/FBkBzSNXLn
Sat May 02 16:23:06 +0000 2015,#WeightLoss #Fit How To Eat Healthy And Lose Weight Fast In 10 Easy Steps http://t.co/do5boY2S3d #Knicks #Sports
Sat May 02 16:20:26 +0000 2015,@PPrigioni9 just though you should know in all the #Knicks groups you are very loved
Sat May 02 16:19:06 +0000 2015,L #Apparel #Souvenirs #Knicks #Adidas Black&amp;amp;Orange Fitted Hat (Size 8) NBA #Auction http://t.co/rGP1vTpU4m
Sat May 02 16:14:37 +0000 2015,#Baseball #NBA NIKE AIR JORDAN MELO 1.5 sz 9 631310 108 #Knicks max 3 4 5 11 lot retro http://t.co/lnTNbNrePH #onsale #Discount
Sat May 02 16:14:37 +0000 2015,#NBA #Knicks NIKE AIR JORDAN MELO 1.5 sz 9 631310 108 knicks max 3 4 5 11 lot retro http://t.co/v9S9pFRglE #Offers #Deals
Sat May 02 16:13:09 +0000 2015,#Apparel #Souvenirs #NewYork #Knicks Women's Team Boy Shorts Underwear - Black http://t.co/AaBlBWk4Ee #NBA #Auction
Sat May 02 16:13:08 +0000 2015,L L B #Baseball NBA Amare Stoudemire #NewYork #Knicks Autographed 8x10 Photo GAI #onsale #Discount http://t.co/UpNNW0H0MB
Sat May 02 16:11:16 +0000 2015,RT @NYKNotifi: Tim Hardaway with the dunk over Ray Allen. #Knicks https://t.co/0zCtqxzqIP
Sat May 02 16:11:08 +0000 2015,#Knicks #Clothing #Adidas Top Ten 2000 Kobe Bryant Crazy 8 NYC New York Knicks Blue Orange G59156 http://t.co/X1E5eEMntO #eBay #Auction
Sat May 02 16:11:08 +0000 2015,RT @fansNYKnicks: The Best and the Worst :The Rangers and the Knicks Are a Study in Contrast http://t.co/Pkwr7Wdvho #knicks #NBA
Sat May 02 16:07:06 +0000 2015,@BrandonTierney hello Brandon, retweet if u think this #Knicks mix gets you pumped up for this 'Summer of Answers' https://t.co/JXm7N3zH3d
Sat May 02 16:06:44 +0000 2015,RT @NYKNotifi: Tim Hardaway with the dunk over Ray Allen. #Knicks https://t.co/0zCtqxzqIP
Sat May 02 16:02:06 +0000 2015,L NBA #Knicks #NewYork Knicks Women's Team Boy Shorts Underwear - Black #Offers #Deals http://t.co/Oee3Ha4xEb
Sat May 02 15:59:32 +0000 2015,http://t.co/EEkB0NdMH9: Are New York Knicks and Melo In Trouble! ESPN First... http://t.co/cmPfvjjcum #espn #knicks #melo #york #youtube
Sat May 02 15:58:34 +0000 2015,#Baseball #NBA BOYS BLACK #Knicks #Jacket 14-16 http://t.co/xUqp27swxK #onsale #Discount
Sat May 02 15:58:34 +0000 2015,#NBA #Knicks BOYS BLACK KNICKS #Jacket 14-16 http://t.co/K0BmwXhyDw #Offers #Deals
Sat May 02 15:58:29 +0000 2015,http://t.co/nkEx41cbQj [Fansided: Buckets Over Broadway] - Rumors: LaMarcus Aldridge o #Knicks http://t.co/f1uZZzhvxe
Sat May 02 15:57:06 +0000 2015,L B #Knicks #Cards 14-15 SPX THANASIS ANTETOKOUNMPO RC-AUTO-PATCH SP 17/30 GREECE-NEW YORK KNICKS #Card #Deals http://t.co/bGntfjULWV
Sat May 02 15:57:06 +0000 2015,#Apparel #Souvenirs #Adidas Men's #NewYork #Knicks Pro #Basketball NBA Adjustable Cap Hat Blue http://t.co/QU2YJ60Iti #NBA #Auction
Sat May 02 15:55:21 +0000 2015,The Best and the Worst :The Rangers and the Knicks Are a Study in Contrast http://t.co/Pkwr7Wdvho #knicks #NBA
Sat May 02 15:54:45 +0000 2015,@djwayneski @David_C_Steele No! Lol! We're praying your #Knicks have a great draft. Lol!
Sat May 02 15:53:05 +0000 2015,#WeightLoss #Fit How To Lose Your Belly And Keep It Off For Good http://t.co/QnrCg6fqVm #Knicks #Sports
Sat May 02 15:52:28 +0000 2015,http://t.co/PCWFETeh2o NBA SPENCER HAYWOOD NEW YORK KNICKS / SUPERSONICS AUTOGRAPH 2 #Knicks http://t.co/kxylVo7EU0
Sat May 02 15:52:05 +0000 2015,L #Baseball NBA 1991 STARTING LINEUP - SLU - NBA - PATRICK EWING - #NewYork #Knicks #onsale #Discount http://t.co/s28O2dvjXC
Sat May 02 15:50:31 +0000 2015,#NBA #Knicks at #Magic game preview http://t.co/C4CZZ9zNTk
Sat May 02 15:48:21 +0000 2015,RT @Pistons_FZ: #Knicks at #Magic game #NBA preview http://t.co/NcBTcSCVoI
Sat May 02 15:48:21 +0000 2015,RT @fansNYKnicks: Carmelo Anthony Says Hes Much Clearer About Knicks Future http://t.co/DRhKODn5BF #knicks #NBA
Sat May 02 15:47:28 +0000 2015,RT @NYKNotifi: Tim Hardaway with the dunk over Ray Allen. #Knicks https://t.co/0zCtqxzqIP
Sat May 02 15:46:41 +0000 2015,L NBA #Knicks 1972-73 TOPPS BASKETBALL PHIL JACKSON #32 NY KNICKS VERY GOOD #Offers #Deals http://t.co/hLtt24NIYO
Sat May 02 15:46:26 +0000 2015,@RothenbergESPN my son is getting married next May. I told him I will be watching my #knicks at the reception
Sat May 02 15:43:10 +0000 2015,#Baseball #NBA MENS #NewYork #Knicks TANK TOP M http://t.co/Evo9q1EHm5 #onsale #Discount
Sat May 02 15:43:09 +0000 2015,#NBA #Knicks MENS #NewYork KNICKS TANK TOP M http://t.co/XWbaEeDlSQ #Offers #Deals
Sat May 02 15:41:35 +0000 2015,#Apparel #Souvenirs #Adidas Swingman NBA #Jersey #Knicks Amare Stoudemire Black Vibe sz M http://t.co/8EahNY6ud1 #NBA #Auction
Sat May 02 15:40:38 +0000 2015,L B #Knicks #Cards 2014 National Treasures Raymond Felton 13-14 Treasures black printing plate 1/1 #Card #Deals http://t.co/5Q64wE7dTM
Sat May 02 15:40:25 +0000 2015,RT @NYKNotifi: Tim Hardaway with the dunk over Ray Allen. #Knicks https://t.co/0zCtqxzqIP
Sat May 02 15:37:06 +0000 2015,#WeightLoss #Fit Beat Your Belly Fat Program Review http://t.co/Fhnp4eurCW #Knicks #Sports
Sat May 02 15:34:22 +0000 2015,http://t.co/QZcryIwD3O Does Tim Hardaway Jr. Still Have a Future with the New York Knick #Knicks http://t.co/a1jVzDwQxw
Sat May 02 15:34:07 +0000 2015,L #Baseball NBA #NewYork #Knicks Women's Team Boy Shorts Underwear - Black #onsale #Discount http://t.co/wj9CcJkSO2
Sat May 02 15:32:37 +0000 2015,RT @fansNYKnicks: Carmelo Anthony Says Hes Much Clearer About Knicks Future http://t.co/DRhKODn5BF #knicks #NBA
Sat May 02 15:30:20 +0000 2015,A Time for Phil Jackson to Raise His Game http://t.co/FrOsA1Eefi #knicks #NBA
Sat May 02 15:29:34 +0000 2015,RT @NYKNotifi: Tim Hardaway with the dunk over Ray Allen. #Knicks https://t.co/0zCtqxzqIP
Sat May 02 15:28:15 +0000 2015,#Knicks at #Magic game #NBA preview http://t.co/DfQ5DQIPdj
Sat May 02 15:28:12 +0000 2015,#Knicks at #Magic game preview #NBA http://t.co/CYHWpSBaW4
Sat May 02 15:27:24 +0000 2015,RT @NYKNotifi: Tim Hardaway with the dunk over Ray Allen. #Knicks https://t.co/0zCtqxzqIP
Sat May 02 15:25:05 +0000 2015,#Apparel #Souvenirs #Knicks #Adidas Black&amp;Orange Fitted Hat (Size 8) http://t.co/uQZyeh4uLZ #NBA #Auction
Sat May 02 15:23:37 +0000 2015,L #Knicks #Cards 1986-87 FLEER RORY SPARROW #105 KNICKS REAL NICE #Card #Deals http://t.co/DR0IjoIaOq
Sat May 02 15:22:11 +0000 2015,#WeightLoss #Fit What is the best weight loss diet plan to avoid obesity? http://t.co/2V6NMs7zZD #Knicks #Sports
Sat May 02 15:20:43 +0000 2015,#knicksnation #knicks #knickstape #knicksfan #knicksallday https://t.co/51DZINNxe5
Sat May 02 15:17:40 +0000 2015,L #Apparel #Souvenirs UNK NBA #NewYork #Knicks boys M10-12 grey and black jacket NBA #Auction http://t.co/47BwxeNxGr
Sat May 02 15:16:39 +0000 2015,RT @NYKNotifi: Tim Hardaway with the dunk over Ray Allen. #Knicks https://t.co/0zCtqxzqIP
Sat May 02 15:15:51 +0000 2015,RT @IanBegley: #Knicks rank Towns over Okafor on their draft board &amp; like Mudiay over Russell, team sources tell @chadfordinsider -- http:/‚Ä¶
Sat May 02 15:15:36 +0000 2015,RT @IanBegley: This may shock you, but #Knicks president Phil Jackson didn't receive any votes for NBA Executive of the Year.
Sat May 02 15:12:07 +0000 2015,L B #Baseball NBA Amare Stoudemire #NewYork #Knicks Autographed 8x10 Photo GAI #onsale #Discount http://t.co/5q15rVNtYB
Sat May 02 15:12:07 +0000 2015,#Baseball #NBA 1972-73 TOPPS BASKETBALL PHIL JACKSON #32 NY #Knicks VERY GOOD http://t.co/rGvIGpa2OE #onsale #Discount
Sat May 02 15:12:07 +0000 2015,#NBA #Knicks #NewYork Knicks Women's Team Boy Shorts Underwear - Black http://t.co/ApTRs7xnrw #Offers #Deals
Sat May 02 15:10:49 +0000 2015,Why Big-Name NBA Free Agents Should Consider the New York Knicks| http://t.co/OCDUicNEIf #Knicks
Sat May 02 15:10:08 +0000 2015,#Knicks #Cards Kenyon Martin 34 Card Lot All Different New York Knicks Denver New #Jersey Nets http://t.co/d06x536yIj #Card #Deals
Sat May 02 15:08:07 +0000 2015,#Apparel #Souvenirs #Adidas Swingman NBA #Jersey #Knicks Amare Stoudemire Black Rhythm OgLt sz L http://t.co/XfLjaDbQNn #NBA #Auction
Sat May 02 15:07:08 +0000 2015,L L #Knicks #Cards 2000 Upper Deck Legendary Signatures Dave DeBusschere AUTO New York Knicks #Card #Deals http://t.co/VPzFlLa9ZU
Sat May 02 15:06:25 +0000 2015,#Knicks at #Magic game #NBA preview http://t.co/NcBTcSCVoI
Sat May 02 15:06:19 +0000 2015,#Knicks at #Magic game preview http://t.co/U42J3O6V3v #NBA
Sat May 02 15:06:03 +0000 2015,#Knicks at #Magic game #NBA preview http://t.co/6r52FIBDqt
Sat May 02 15:05:20 +0000 2015,Carmelo Anthony Says Hes Much Clearer About Knicks Future http://t.co/DRhKODn5BF #knicks #NBA
Sat May 02 15:02:14 +0000 2015,RT @NYKNotifi: Tim Hardaway with the dunk over Ray Allen. #Knicks https://t.co/0zCtqxzqIP
Sat May 02 15:01:20 +0000 2015,L L L #Knicks #Cards 14-15 SPX THANASIS ANTETOKOUNMPO RC-AUTO-PATCH SP 17/30 GREECE-NEW YORK KNICKS #Card #Deals http://t.co/FytAhLeuq9
Sat May 02 15:01:01 +0000 2015,RT @NewYorkKnicks10: Why Big-Name NBA Free Agents Should Consider the New York Knicks| http://t.co/OCDUicNEIf #Knicks
Sat May 02 14:59:31 +0000 2015,@fansNYKnicks Top of #knicks leaderboard! Need to clean up your inbox? Unroll.Me can help: http://t.co/iSEvsh9w8U
Sat May 02 14:58:46 +0000 2015,#NBA #Knicks - New York Knicks Women's Team Boy Shorts Underwear - Black:  $10.95End Da... http://t.co/WWUsiZNB4i http://t.co/lQmogZfBKD
Sat May 02 14:58:45 +0000 2015,#NBA #Knicks - Vintage New York Knicks Starter Cabbie Cap Hat Size M Very Rare! Carmelo... http://t.co/F0CGbARBWc http://t.co/lQmogZfBKD
Sat May 02 14:58:45 +0000 2015,#NBA #Knicks - New York Knicks Warm-Up Jersey Authentic Nba 1972 Through 73:  $20.00End... http://t.co/kOZpiohyse http://t.co/lQmogZfBKD
Sat May 02 14:58:44 +0000 2015,#NBA #Knicks - New York Knicks Allan Houston NBA Jersey Give Away Collector Item Mens R... http://t.co/jn8Vh7Gz1r http://t.co/lQmogZfBKD
