Sat May 02 17:10:42 +0000 2015,@MannyPacquiao - Go kick @FloydMayweather ass...All us #Lakers &amp; #Kobe fans are rooting for u. Right @CariChampion ? http://t.co/JQn2KHzm5s
Sat May 02 17:08:37 +0000 2015,#Apparel #Souvenirs #NBA #LosAngeles #Lakers Warm Up Pants, Button Breakaway Youth Size Medium http://t.co/D2aGzu4wg9 #Forsale #onsale
Sat May 02 17:08:06 +0000 2015,L L C #JeremyLin #Lakers 2010 -11 JEREMY LIN ROOKIE LAUE SIGNATURE SERIES CARD LINSANITY (VERY RARE) #Deals #Online http://t.co/wbiyB5GtWn
Sat May 02 17:07:49 +0000 2015,RT @Lkrs4Life702: #Lakers #ThrowbackThursday http://t.co/Tg7WKZNSBQ
Sat May 02 17:07:47 +0000 2015,L #Sports #Memorabilia 1971 #Lakers Royals program from Omaha #eBay #Bestseller http://t.co/qvE5697eJT
Sat May 02 17:07:46 +0000 2015,#Lakers #Cards #Kobe #Bryant LA Lakers 05/06 #Topps Finest Refractor 241/349 http://t.co/a1kBCUinxC #Card #Bargains
Sat May 02 17:03:41 +0000 2015,http://t.co/riqBJWslKV Mint Adidas Steve Nash Phoenix Suns NBA Cool Jersey Sz Youth L( #Lakers http://t.co/s6L4BiGbGi
Sat May 02 17:02:11 +0000 2015,#Lakers #NBA #Kobe #Bryant Los Angeles Lakers #8 Champion #Jersey Youth Boys XL 18/20 http://t.co/sCthNzQuaM #Collectibles #Offer
Sat May 02 17:02:11 +0000 2015,#Lakers #Deals #NBA Los Angeles Lakers Warm Up Pants, Button Breakaway Youth Size Medium http://t.co/QGjdkTZDsN #Collection #Sale
Sat May 02 17:00:14 +0000 2015,Gambling on Rajon Rondo May Just Be the Dice Roll Los Angeles Lakers Need http://t.co/2yz8kGLXP9 #Lakers #NBA
Sat May 02 16:59:06 +0000 2015,#NBA #Lakers Houston Rockets #JeremyLin Bobblehead SGA 4-6-14 1/3000 LA Angeles Lakers Jersey http://t.co/o7XvQn84MW #eBay #Auction
Sat May 02 16:59:05 +0000 2015,#JeremyLin #Lakers Houston Rockets Jeremy Lin Bobblehead SGA 4-6-14 1/3000 LA Angeles Lakers Jersey http://t.co/UccqMHdK5q #Deals #Online
Sat May 02 16:58:57 +0000 2015,@JakeNicolosi thanks bud #lakers
Sat May 02 16:57:07 +0000 2015,L #Apparel #Souvenirs #NBA Authentic Shaquille O'Neal #LosAngeles #Lakers #Jersey 56 3XL HWC Blueâ€¦ #Forsale #onsale http://t.co/vuKSp2Kp5i
Sat May 02 16:56:06 +0000 2015,RT @GVLanthorn: Yes, you did feel an earthquake, #Lakers. USGS reports a 4.0 magnitude earthquake at 12:23 p.m., epicenter just south of Gaâ€¦
Sat May 02 16:56:02 +0000 2015,#NBA #Kings beat the #Lakers, 102-92, without Gay, Cousins http://t.co/ocLor7mLvb
Sat May 02 16:55:17 +0000 2015,Yes, you did feel an earthquake, #Lakers. USGS reports a 4.0 magnitude earthquake at 12:23 p.m., epicenter just south of Galesburg, Mich.
Sat May 02 16:55:05 +0000 2015,#Health #Fatloss Weight Destroyer Program Review http://t.co/WbgC7hylVV #Deals #Lakers
Sat May 02 16:53:34 +0000 2015,#Lakers #Autographs JERRY WEST LOS ANGELES LAKERS SIGNED AUTOGRAPHED 3X5 INDEX card http://t.co/mQgYTIhSi1 #Autograph #Auction
Sat May 02 16:52:21 +0000 2015,#Apparel #Souvenirs #adidas #LosAngeles #Lakers #NBA on-court gold mens climalite 2XL shirt, NWT! http://t.co/1ULe2BZD0E #Forsale #onsale
Sat May 02 16:52:20 +0000 2015,#Lakers #Cards #Kobe #Bryant 1999-00 Fleer Focus Focus Pocus Insert #5 of 10 FP http://t.co/jbVo6O0EB0 #Card #Bargains
Sat May 02 16:49:23 +0000 2015,http://t.co/riqBJWslKV Lakers Magic Johnson Authentic Signed Basketball Autographed Ps #Lakers http://t.co/mKtMKnYqz3
Sat May 02 16:48:07 +0000 2015,http://t.co/EEkB0NdMH9: Gerald Henderson... http://t.co/cZpTIf5UPm #angeles #bobcats #charlotte #dwight #gerald #henderson #howard #lakers
Sat May 02 16:46:41 +0000 2015,L D #NBA #Lakers 2010 Panini Prestige #187 #JeremyLin RC PSA 10 #eBay #Auction http://t.co/7CM9Zo5ZyE
Sat May 02 16:46:23 +0000 2015,L #Apparel #Souvenirs New With Tags!!!!! Dennis Rodman #LosAngeles #Lakers #NBA #Jersey size Mensâ€¦ #Forsale #onsale http://t.co/mMQWpdv1ID
Sat May 02 16:46:22 +0000 2015,#Lakers #NBA #Kobe #Bryant Los Angeles Lakers #8 Champion #Jersey Adult XL 48 Extra Large http://t.co/FkQ28NYfQl #Collectibles #Offer
Sat May 02 16:46:22 +0000 2015,#Lakers #Deals EUC #NBA #Kobe #Bryant Los Angeles Lakers #Adidas Stitched #Jersey Men's Medâ€¦ http://t.co/DbSSRwHGlf #Collection #Sale
Sat May 02 16:42:08 +0000 2015,#NBA #Lakers 2012-13 Panini Marquee Stars of the Night #13 #JeremyLin - NM http://t.co/72E7THKvag #eBay #Auction
Sat May 02 16:42:08 +0000 2015,#JeremyLin #Lakers 2012-13 Panini Marquee Stars of the Night #13 Jeremy Lin - NM http://t.co/dCQ0lut5M2 #Deals #Online
Sat May 02 16:40:35 +0000 2015,L #Lakers #Autographs 11X16 AUTOGRAPH Photo OF LOS ANGELES LAKERS MAGIC JOHNSON #Autograph #Auction http://t.co/dnNZszgQEn
Sat May 02 16:40:06 +0000 2015,Ranking the Los Angeles Lakers' Biggest Priorities for the 2015 NBA Offseason http://t.co/6kQI8kAUv5 #Lakers #NBA
Sat May 02 16:38:39 +0000 2015,#Health #Fatloss Losing Weight By Drinking More Water And Less Unhealthy Drinks http://t.co/BMtvlb3XIf #Deals #Lakers
Sat May 02 16:37:12 +0000 2015,#Lakers #Autographs *JAMES WORTHY*SIGNED*AUTOGRAPHED*Photo*LOS ANGELES*LAKERS* http://t.co/Jj2TP9IfHq #Autograph #Auction
Sat May 02 16:37:12 +0000 2015,L D #JeremyLin #Lakers 2010 Panini Prestige #187 Jeremy Lin RC PSA 10 #Deals #Online http://t.co/vkEoDHDhrm
Sat May 02 16:37:12 +0000 2015,#Apparel #Souvenirs #Kobe #Bryant #LosAngeles #Lakers #8 Champion #Jersey Youth Boys XL 18/20 http://t.co/rmCMORTED4 #Forsale #onsale
Sat May 02 16:36:08 +0000 2015,#Lakers #Cards 1996-97 Press pass #Kobe #Bryant ROOKIE AUTOGRAPH beckett 10 AUTO rare LOOK!!!! http://t.co/4UqJDFnoUk #Card #Bargains
Sat May 02 16:35:13 +0000 2015,L L L #Lakers #Deals LOS ANGELES LAKERS REVERSIBLE JACKET SIZE M BY CARLS BANKS GIII ((RARE)) #Collection #Sale http://t.co/qAZE1A0ehC
Sat May 02 16:34:25 +0000 2015,#Kings beat the #Lakers without Gay, Cousins #NBA http://t.co/eq6n30cG2H
Sat May 02 16:33:30 +0000 2015,http://t.co/riqBJWslKV [Los Angeles Times: Lakers Now] - Latvia, with a large minority #Lakers http://t.co/LD5yfXLMfA
Sat May 02 16:29:41 +0000 2015,L B #Apparel #Souvenirs 1985 #NBA Finals on DVD, #Lakers vs Celtics #Forsale #onsale http://t.co/gAvseuK0qz
Sat May 02 16:29:41 +0000 2015,#Lakers #NBA #Adidas Los Angeles Lakers #NBA on-court gold mens climalite 2XL shirt, NWT! http://t.co/ecVNx7DJii #Collectibles #Offer
Sat May 02 16:29:40 +0000 2015,#Lakers #Deals LOS ANGELES LAKERS #10 #Jersey LARGE http://t.co/WHX2vbl0t7 #Collection #Sale
Sat May 02 16:26:21 +0000 2015,#Sports #Memorabilia 1971 #Lakers Royals program from Omaha http://t.co/a10NXTjsm5 #eBay #Bestseller
Sat May 02 16:25:19 +0000 2015,L #Lakers #Autographs BYRON SCOTT AUTOGRAPH Jersey LOS ANGELES LAKERS PSA DNA CERTIFIED 3 X CHAMP #Autographâ€¦ http://t.co/GLlJjNxlmE
Sat May 02 16:23:36 +0000 2015,#Health #Fatloss Whey Protein Powder And Its Benefits For Those Trying To Get Fit http://t.co/p98FmO5ZFI #Deals #Lakers
Sat May 02 16:21:11 +0000 2015,#Apparel #Souvenirs #NBA Authentic Shaquille O'Neal #LosAngeles #Lakers #Jersey 56 3XL HWC Blueâ€¦ http://t.co/mSSy7HG0Ye #Forsale #onsale
Sat May 02 16:21:11 +0000 2015,#Lakers #Autographs 11X16 AUTOGRAPH Photo OF LOS ANGELES LAKERS MAGIC JOHNSON http://t.co/NsSxZdmRr9 #Autograph #Auction
Sat May 02 16:20:05 +0000 2015,2014/15 D-League Usage Report :Pacers http://t.co/CdTUU3Owld #Lakers #NBA
Sat May 02 16:19:36 +0000 2015,#Lakers #Cards 2012-13 Nick Van Exel SP Authentic Home Court Auto Autograph Lakers http://t.co/EkQS9drTNg #Card #Bargains
Sat May 02 16:19:07 +0000 2015,L L L #Apparel #Souvenirs boys sz XL #LosAngeles #Lakers Bryant #Basketball #Jersey #Forsale #onsale http://t.co/8TLQtqqA3y
Sat May 02 16:14:09 +0000 2015,#Lakers #NBA #Kobe Bryan #8 NIKE ALL STAR #Jersey 2XL LOS ANGELES LAKERS http://t.co/bk7skyZFgL #Collectibles #Offer
Sat May 02 16:14:08 +0000 2015,#Lakers #Deals #Adidas Los Angeles Lakers #NBA on-court gold mens climalite 2XL shirt, NWT! http://t.co/VUk3MBmory #Collection #Sale
Sat May 02 16:13:34 +0000 2015,L #Apparel #Souvenirs EUC #NBA #Kobe #Bryant #LosAngeles #Lakers #adidas Stitched #Jersey Men's Medâ€¦ #Forsaleâ€¦ http://t.co/WgzrlGTE2H
Sat May 02 16:12:01 +0000 2015,#NBA #Kings beat the #Lakers without Gay, Cousins http://t.co/RADGMo3Owr
Sat May 02 16:10:29 +0000 2015,http://t.co/riqBJWslKV Vintage Sports Specialties Los Angeles Lakers Snapback Hat Cap  #Lakers http://t.co/i4VAf9Wl4R
Sat May 02 16:10:09 +0000 2015,L L B #JeremyLin #Lakers 2014-15 Totally Certified Platinum Blue #55 Jeremy Lin Lakers /149 #Deals #Online http://t.co/ILESGEW3BV
Sat May 02 16:05:06 +0000 2015,#Apparel #Souvenirs New With Tags!!!!! Dennis Rodman #LosAngeles #Lakers #NBA #Jersey size Mensâ€¦ http://t.co/x5ZWMXIhCn #Forsale #onsale
Sat May 02 16:05:06 +0000 2015,#Lakers #Autographs 11X16 AUTOGRAPH Photo OF LOS ANGELES LAKERS MAGIC JOHNSON http://t.co/4S3g9lQkkv #Autograph #Auction
Sat May 02 16:04:47 +0000 2015,Gambling on Rajon Rondo May Just Be the Dice Roll Los Angeles Lakers Need| http://t.co/vnpYOwmMR3 #Lakers
Sat May 02 16:04:17 +0000 2015,L D #NBA #Lakers #JeremyLin SIGNED AUTO 16X20 PHOTO LAY UP HOUSTON ROCKETS STEINER AUTOGRAPHED #eBay #Auction http://t.co/DkA3ksnKYS
Sat May 02 16:04:06 +0000 2015,#Lakers #Cards #Kobe #Bryant 2008 -09 Bowman Chrome Black X-Fractor # 180/299 http://t.co/xAEW6LGoTd #Card #Bargains
Sat May 02 16:03:56 +0000 2015,RT @SariCarpenter: At the #lakers game with @SabrinaAnnLynn who is singing the national anthem!
Sat May 02 16:02:44 +0000 2015,L L L #Apparel #Souvenirs BRAND NEW #NBA TODDLER BOYS #TShirt #LosAngeles #Lakers #Kobe #Bryant #TShirtâ€¦ #Forsaleâ€¦ http://t.co/UCAXgL4E94
Sat May 02 16:00:04 +0000 2015,And-Ones :Huertas, NBA Draft, Towns http://t.co/AoHQrE8nhe #Lakers #NBA
Sat May 02 15:58:37 +0000 2015,L D #JeremyLin #Lakers JEREMY LIN SIGNED AUTO 16X20 PHOTO LAY UP HOUSTON ROCKETS STEINER AUTOGRAPHED #Dealsâ€¦ http://t.co/AjS1DRPgsK
Sat May 02 15:58:37 +0000 2015,#Lakers #NBA Los Angeles Lakers Michael Cooper MITCHELL &amp; NESS #Jersey MENS XL NEW http://t.co/XuZw6tkxjl #Collectibles #Offer
Sat May 02 15:58:36 +0000 2015,#Lakers #Deals Los Angeles Lakers Michael Cooper MITCHELL &amp; NESS #Jersey MENS XL NEW http://t.co/zO2ZrdrP3w #Collection #Sale
Sat May 02 15:58:28 +0000 2015,RT @HawkersCo: LOS ANGELES LAKERS x HAWKERS CO. #hawkersco #lakers #sunglasses #losangeles http://t.co/FVFoksty4R
Sat May 02 15:58:27 +0000 2015,Lakers_Fans1: #Health #Fatloss How To Lose Your Belly And Keep It Off For Good http://t.co/kKV6K7MZuQ #Deals #Lakers
Sat May 02 15:58:17 +0000 2015,RT @HawkersCo: @Lakers x HAWKERS CO. #hawkersco #sunglasses #lakers #losangeles http://t.co/w19s3zm9gN
Sat May 02 15:58:13 +0000 2015,RT @HawkersCo: @Lakers x HAWKERS CO. #hawkersco #lakers #sunglasses #losangeles http://t.co/GD3VNkHk6l
Sat May 02 15:57:55 +0000 2015,RT @HawkersCo: @Lakers x Hawkers Co. #hawkersco #Sunglasses #Lakers #LosAngeles http://t.co/CXKkHbXShv
Sat May 02 15:57:50 +0000 2015,RT @HawkersCo: @Lakers x HAWKERS CO. #hawkersco #lakers #sunglasses #losangeles http://t.co/KMEKQAUptt
Sat May 02 15:57:06 +0000 2015,L L #Lakers #Deals LOS ANGELES LAKERS REVERSIBLE JACKET SIZE M BY CARLS BANKS GIII ((RARE)) #Collection #Sale http://t.co/GvDA32la07
Sat May 02 15:56:28 +0000 2015,RT @HawkersCo: LAKERS x HAWKERS CO. #lakers #hawkersco #sunglasses #losangeles @Lakers http://t.co/V1CURd1ASv
Sat May 02 15:55:34 +0000 2015,#Sports #Memorabilia June 16, 2008 #Kobe #Bryant #LosAngeles #Lakers Paul Pierce Sportsâ€¦ http://t.co/AplHcfP2nQ #eBay #Bestseller
Sat May 02 15:53:05 +0000 2015,#Health #Fatloss How To Lose Your Belly And Keep It Off For Good http://t.co/VEBcDeeq6I #Deals #Lakers
Sat May 02 15:52:19 +0000 2015,L L L #Apparel #Souvenirs 1985 #NBA Finals on DVD, #Lakers vs Celtics #Forsale #onsale http://t.co/bywQMfV64n
Sat May 02 15:50:03 +0000 2015,#Kings beat the #Lakers, 102-92, without Gay, Cousins #NBA http://t.co/ZdjUCOmA15
Sat May 02 15:49:35 +0000 2015,#Apparel #Souvenirs Kobe Bryan #8 NIKE ALL STAR #Jersey 2XL #LosAngeles #Lakers http://t.co/e0iougGeoR #Forsale #onsale
Sat May 02 15:49:34 +0000 2015,#Lakers #Autographs BYRON SCOTT AUTOGRAPH Jersey LOS ANGELES LAKERS PSA DNA CERTIFIED 3 X CHAMP http://t.co/yZgpkyCu38 #Autograph #Auction
Sat May 02 15:49:11 +0000 2015,RT @Lakers_Fans1: #Lakers #Cards KAREEM ABDUL-JABBAR AUTO/AUTOGRAPH SIGNED on Card Lakers HOF 2000 UD #54 http://t.co/WyWErptizE #Card #Barâ€¦
Sat May 02 15:47:38 +0000 2015,L C #NBA #Lakers 2010 -11 #JeremyLin ROOKIE LAUE SIGNATURE SERIES CARD LINSANITY (VERY RARE) #eBay #Auction http://t.co/9Jjs6L6NXj
Sat May 02 15:47:15 +0000 2015,#Lakers #Cards KAREEM ABDUL-JABBAR AUTO/AUTOGRAPH SIGNED on Card Lakers HOF 2000 UD #54 http://t.co/WyWErptizE #Card #Bargains
Sat May 02 15:47:08 +0000 2015,L L L #Lakers #NBA 1985 #NBA Finals on DVD, Lakers vs Celtics #Collectibles #Offer http://t.co/G7FuWBqqsr
Sat May 02 15:46:59 +0000 2015,RT @topLALakers: Week In Review 4/26/15-5/2/15 http://t.co/SDvDk2XDfT #Lakers #NBA
Sat May 02 15:43:17 +0000 2015,#Lakers #NBA #Adidas Los Angeles Lakers #Kobe #Bryan#TShirt - Medium http://t.co/ynoKQ6LYji #Collectibles #Offer
Sat May 02 15:43:16 +0000 2015,#Lakers #Deals New With Tags!!!!! Dennis Rodman Los Angeles Lakers #NBA #Jersey size Mens Large L http://t.co/9ZRH3iYmLQ #Collection #Sale
Sat May 02 15:43:11 +0000 2015,Lakers_Fans1: #Health #Fatloss Losing Belly Fat Is Not Rocket Science! Here's Why http://t.co/rJ6xNGopDX #Deals #Lakers
Sat May 02 15:42:15 +0000 2015,You are the cutest anak!ðŸ˜˜ðŸ˜˜ðŸ˜˜ #ootd #swoosh #lakers https://t.co/BtMVBHMl9C
Sat May 02 15:41:36 +0000 2015,L C #JeremyLin #Lakers 2010 -11 JEREMY LIN ROOKIE LAUE SIGNATURE SERIES CARD LINSANITY (VERY RARE) #Deals #Online http://t.co/JxhAvqm2An
Sat May 02 15:40:41 +0000 2015,L L #Apparel #Souvenirs boys sz XL #LosAngeles #Lakers Bryant #Basketball #Jersey #Forsale #onsale http://t.co/SfnQFEHFec
Sat May 02 15:40:03 +0000 2015,Week In Review 4/26/15-5/2/15 http://t.co/SDvDk2XDfT #Lakers #NBA
Sat May 02 15:39:41 +0000 2015,RT @Lakers_FZ: #Lakers Los Angeles Lakers Should Pass On Rajon Rondo #NBA http://t.co/iuOx3CwAfJ
Sat May 02 15:39:04 +0000 2015,#Lakers Los Angeles Lakers Should Pass On Rajon Rondo #NBA http://t.co/iuOx3CwAfJ
Sat May 02 15:37:12 +0000 2015,#Health #Fatloss Losing Belly Fat Is Not Rocket Science! Here's Why http://t.co/ql6Hjy6kXM #Deals #Lakers
Sat May 02 15:36:09 +0000 2015,L D #NBA #Lakers #JeremyLin New York Knicks NBA Basketball Swingman Jersey Adidas L Large +2 #eBay #Auction http://t.co/AtSW1FZ90V
Sat May 02 15:34:16 +0000 2015,L #Lakers #Deals LA LAKERS,#NBA, ADJUSTABLE HAT, GOLD &amp;amp; PURPLE, VERY NICE #Collection #Sale http://t.co/xdRYCQ5wfR
Sat May 02 15:34:16 +0000 2015,#Apparel #Souvenirs EUC #NBA #Kobe #Bryant #LosAngeles #Lakers #adidas Stitched #Jersey Men's Medâ€¦ http://t.co/2XRCIwCEIR #Forsale #onsale
Sat May 02 15:32:37 +0000 2015,#fuckeverybodyelse #idothis #fashion #friendly #adiddas #lakers #regularshit #noapologiesneededâ€¦ https://t.co/HcBfbSPdQa
