Sat May 02 17:00:15 +0000 2015,RT @RoteLaterneNBA: Amar'e Stoudemire likes fit with Mavs, says money isn't a big free agency factor http://t.co/aTR4meCzMb #Mavs #MFFL htt‚Ä¶
Sat May 02 16:55:00 +0000 2015,http://t.co/jaS6zrerJI vtg Eduardo Najera Dallas Mavericks Jersey Champion Size 48 RARE  #Mavs http://t.co/aoNkN0qmWq
Sat May 02 16:51:12 +0000 2015,Well #mavs fans, this is interesting http://t.co/qJBsKZN7Ga #nba
Sat May 02 16:49:24 +0000 2015,Trade idea: Young, Turner, Wallace, #Celtics '16 1st-rd pick &amp; #Mavs '16 1st-rd pick to #Kings for Demarcus Cousins #BoogieToBoston
Sat May 02 16:36:38 +0000 2015,http://t.co/7R8Q4b6nbw [SB Nation: Mavs Moneyball] - Amar'e Stoudemire likes fit with Ma #Mavs http://t.co/JJHn17lsdd
Sat May 02 16:27:05 +0000 2015,#Mavs Al-Farouq Aminu se saldr√° de su contrato este verano http://t.co/bNUVgczvLU #nba
Sat May 02 16:14:15 +0000 2015,http://t.co/2b0FFRiu83 Best of Phantom: Hawks Eliminate Nets in Game 6  #Mavs http://t.co/MPZPZcJD2s
Sat May 02 16:13:20 +0000 2015,RT @MAULDINBATTLES: THE REAL BATTLE PAGE!! Rt for MHS and fav for RHS #mavs http://t.co/xn3YCr6L00
Sat May 02 16:07:13 +0000 2015,I liked Amar'e Stoudemire, Al-Farouq Aminu, Charlie Villanueva, J.J. Barea, and Richard Jefferson off the bench for Dallas. #Mavs #MFFL
Sat May 02 15:22:34 +0000 2015,RT @RoteLaterneNBA: Charlie Villanueva wants consistency, would love to return to Mavericks: The‚Ä¶ http://t.co/fyIQ3l0U5J #Mavs #MFFL http:/‚Ä¶
Sat May 02 15:21:11 +0000 2015,RT @IowaMavsAAU: 17U Mavs Cleveland win their opener 74-67 over MN Ice. @24Rydog led with 22, @BeauKlostermann with 19. #Mavs
Sat May 02 15:18:22 +0000 2015,RT @IowaMavsAAU: 17U Mavs Cleveland win their opener 74-67 over MN Ice. @24Rydog led with 22, @BeauKlostermann with 19. #Mavs
Sat May 02 15:18:07 +0000 2015,Charlie Villanueva wants consistency, would love to return to Mavericks: The‚Ä¶ http://t.co/fyIQ3l0U5J #Mavs #MFFL http://t.co/WmxTcHdv23
Sat May 02 15:16:51 +0000 2015,17U Mavs Cleveland win their opener 74-67 over MN Ice. @24Rydog led with 22, @BeauKlostermann with 19. #Mavs
Sat May 02 15:10:48 +0000 2015,http://t.co/jaS6zrerJI NBA 2011 Finals Dallas Mavericks &amp; Miami Heat Head 2 Head Graphic #Mavs http://t.co/rFtusId322
Sat May 02 15:07:13 +0000 2015,#Mavs #dallasmavericks #mavericks Charlie Villanueva wants consistency, would love to return to Mavericks http://t.co/m5ciZ9GQ3b
Sat May 02 15:05:06 +0000 2015,Chicago bound #coghill #supeskies #Mavs https://t.co/HT5QqoNGMr
Sat May 02 14:56:34 +0000 2015,THE REAL BATTLE PAGE!! Rt for MHS and fav for RHS #mavs http://t.co/gp6uJY6xvV http://t.co/arI4rU90Je
Sat May 02 14:52:26 +0000 2015,RT @MAULDINBATTLES: THE REAL BATTLE PAGE!! Rt for MHS and fav for RHS #mavs http://t.co/xn3YCr6L00
Sat May 02 14:50:54 +0000 2015,RT @hispanosnba: #Mavs Chandler Parsons pasa por el quir√≥fano sin fecha de regreso http://t.co/eqv4Huz2k1 #nba
Sat May 02 14:47:42 +0000 2015,RT @hispanosnba: #Mavs Chandler Parsons pasa por el quir√≥fano sin fecha de regreso http://t.co/eqv4Huz2k1 #nba
Sat May 02 14:47:07 +0000 2015,#Mavs Chandler Parsons pasa por el quir√≥fano sin fecha de regreso http://t.co/eqv4Huz2k1 #nba
Sat May 02 14:44:13 +0000 2015,RT @MAULDINBATTLES: THE REAL BATTLE PAGE!! Rt for MHS and fav for RHS #mavs http://t.co/xn3YCr6L00
Sat May 02 14:29:41 +0000 2015,RT @MAULDINBATTLES: THE REAL BATTLE PAGE!! Rt for MHS and fav for RHS #mavs http://t.co/xn3YCr6L00
Sat May 02 14:28:49 +0000 2015,RT @MAULDINBATTLES: THE REAL BATTLE PAGE!! Rt for MHS and fav for RHS #mavs http://t.co/xn3YCr6L00
Sat May 02 14:28:37 +0000 2015,RT @GQ_Germany: In der Nacht konnte @swish41 Nowitzki mit seinen #Mavs den ersten Sieg in den diesj√§hrigen #NBAPlayoffs erringen: http://t.‚Ä¶
Sat May 02 14:27:03 +0000 2015,RT @MavsFansForLife: TNT said they could see Dirk as an instant offense 6th man for years behind Lamarcus Aldridge, if he signed w/ #Mavs. ‚Ä¶
Sat May 02 14:26:11 +0000 2015,RT @MAULDINBATTLES: THE REAL BATTLE PAGE!! Rt for MHS and fav for RHS #mavs http://t.co/xn3YCr6L00
Sat May 02 14:24:03 +0000 2015,RT @MAULDINBATTLES: THE REAL BATTLE PAGE!! Rt for MHS and fav for RHS #mavs http://t.co/xn3YCr6L00
Sat May 02 14:22:53 +0000 2015,So I've been wearing my #Rockets jersey to bed ever since they easily eliminated the shitty #Mavs in‚Ä¶ https://t.co/URWoYUFGnB
Sat May 02 14:16:53 +0000 2015,q #Mavs
Sat May 02 14:15:10 +0000 2015,Amar'e Stoudemire likes fit with Mavs, says money isn't a big free agency factor http://t.co/aTR4meCzMb #Mavs #MFFL http://t.co/hZibwj5YfL
Sat May 02 14:11:12 +0000 2015,#Mavs #dallasmavericks #mavericks Amar'e Stoudemire likes fit with Mavs, says money isn't a big free agency fa.. http://t.co/6UNbcD0LiE
Sat May 02 14:11:08 +0000 2015,RT @BeforeFamePics: #Mavs vs #Rockets have twitter battle http://t.co/TYSarz6ljA
Sat May 02 13:19:31 +0000 2015,http://t.co/7R8Q4b6nbw [SB Nation: Mavs Moneyball] - Devin Harris talks about a potentia #Mavs http://t.co/lwVaq0VIBs
Sat May 02 13:13:11 +0000 2015,J.J. Barea says re-signing with Mavs will be easier this summer than 2011: The‚Ä¶ http://t.co/CuXZFav1n7 #Mavs #MFFL http://t.co/aZKKnapnvB
Sat May 02 13:12:40 +0000 2015,Mavs sporting Raes @arianagrande cat ears #mavs #loveApet #silliness https://t.co/Xy5b8TR6z9
Sat May 02 13:08:05 +0000 2015,#Mavs #dallasmavericks #mavericks J.J. Barea says re-signing with Mavs will be easier this summer than 2011 http://t.co/f9nSP3QvBZ
Sat May 02 12:24:57 +0000 2015,@EasyStej 1Tweet4 @OurMavericks, Follow #Mavs News, UTubes, Player Tweets, Stats and More! Visit http://t.co/jaS6zrerJI RT!
Sat May 02 12:22:03 +0000 2015,RT @RoteLaterneNBA: Devin Harris talks about a potential starter's role, why Rajon Rondo didn't work http://t.co/V6XPBlumOH #Mavs #MFFL htt‚Ä¶
Sat May 02 12:10:35 +0000 2015,Devin Harris talks about a potential starter's role, why Rajon Rondo didn't work http://t.co/V6XPBlumOH #Mavs #MFFL http://t.co/M6cqFFTqtX
Sat May 02 12:08:48 +0000 2015,RT @TheBallHogNet: ŒâœÑŒ±ŒΩ Œø Rondo Œø Œ∫œçœÅŒπŒøœÇ ŒµŒ∫œÜœÅŒ±œÉœÑŒÆœÇ œÑŒ∑œÇ Œ±œÄŒøœÑœÖœáŒØŒ±œÇ œÑœâŒΩ œÜŒµœÑŒπŒΩœéŒΩ #Mavs; Œü @s_marinos œÄŒπœÉœÑŒµœçŒµŒπ œÄœâœÇ ŒΩŒ±Œπ. #NBA http://t.co/lRYaxCb‚Ä¶
Sat May 02 12:08:06 +0000 2015,#Mavs #dallasmavericks #mavericks Devin Harris talks about a potential starter's role, why Rajon Rondo didn't .. http://t.co/S1Vcp0NhxU
Sat May 02 12:03:06 +0000 2015,Extremely proud of all of the lady maverick softball players! #MAVS http://t.co/DGHNMufDY3
Sat May 02 11:50:29 +0000 2015,http://t.co/jaS6zrerJI Nike Swingman jersey Dallas Mavericks Dirk Nowitzki Large  #Mavs http://t.co/hthjaJrhOz
Sat May 02 11:43:12 +0000 2015,RT @Mavericks_Spain: Con s√≥lo 3 jugadores en Plantilla para la temp.15/16 (Dirk,Parsons,Harris y Felton (?) ¬øA por quien iria√≠s en la Agenc‚Ä¶
Sat May 02 11:17:20 +0000 2015,RT @TheBallHogNet: ŒâœÑŒ±ŒΩ Œø Rondo Œø Œ∫œçœÅŒπŒøœÇ ŒµŒ∫œÜœÅŒ±œÉœÑŒÆœÇ œÑŒ∑œÇ Œ±œÄŒøœÑœÖœáŒØŒ±œÇ œÑœâŒΩ œÜŒµœÑŒπŒΩœéŒΩ #Mavs; Œü @s_marinos œÄŒπœÉœÑŒµœçŒµŒπ œÄœâœÇ ŒΩŒ±Œπ. #NBA http://t.co/lRYaxCb‚Ä¶
Sat May 02 10:41:26 +0000 2015,Ich w√ºsste wohl nicht, ob ich lachen oder weinen sollte.#mavs #offseason https://t.co/Tm48dSQz1k
Sat May 02 10:27:06 +0000 2015,S/o to #KylefistSerr for the walk off win tonight! #Mavs http://t.co/7xrL0GUH1h
Sat May 02 10:25:50 +0000 2015,RT @MavsFansForLife: Chandler Parsons had a successful arthroscopic surgery on his right knee to address cartilage injury. #Mavs http://t.c‚Ä¶
Sat May 02 10:18:56 +0000 2015,RT @OwnersBoxNBA: #NBA #Mavericks #MavsSF Al Farouq-Aminu will decline his player option and test free-agency this summer.@farouq1
Sat May 02 09:55:14 +0000 2015,Mavs Donuts :The Exit Interviews Quoteboard| http://t.co/6IGv3bjRfm #Mavs
Sat May 02 09:35:39 +0000 2015,#KCA #VoteJKT48ID OurMavericks: Cutthecheckmix1 1Tweet4 OurMavericks, Follow #Mavs News, UTubes, Player Tweets, Stats and More! Visit  RT!
Sat May 02 09:33:33 +0000 2015,@Cutthecheckmix1 1Tweet4 @OurMavericks, Follow #Mavs News, UTubes, Player Tweets, Stats and More! Visit http://t.co/jaS6zrerJI RT!
Sat May 02 09:20:12 +0000 2015,Mavs + LaMarcus :Solutions + Problems| http://t.co/BnZManAlLV #Mavs
Sat May 02 08:58:33 +0000 2015,@beckylodge16 @luuharrison #mavs
Sat May 02 08:52:01 +0000 2015,RT @left_most: @MavsFansForLife do you think #mavs should target brandan wright this offseason? #AskMFFL
Sat May 02 08:51:52 +0000 2015,"@left_most: @MavsFansForLife do you think #mavs should target brandan wright this offseason? #AskMFFL" Yesssss
Sat May 02 08:45:10 +0000 2015,Mavs At Houston :Last-Minute Updates| http://t.co/79n5K4tMLq #Mavs
Sat May 02 08:12:02 +0000 2015,Chandler Parsons undergoes knee surgey http://t.co/To4m5Xqjtn #mavs
Sat May 02 07:35:06 +0000 2015,Mavs Season Ends; 'What Comes Next' Begins| http://t.co/arIkCl0yso #Mavs
Sat May 02 07:25:56 +0000 2015,RT @TalkingtonTyler: S/o to @KylefistSerr for the walk off win tonight! #Mavs
Sat May 02 07:22:14 +0000 2015,RT @FSSouthwest: [WATCH] awesome chalk mural the Booker T. Washington students made outside the AAC for the #Mavs #NBAPlayoffs http://t.co/‚Ä¶
Sat May 02 06:50:09 +0000 2015,RT @TalkingtonTyler: S/o to @KylefistSerr for the walk off win tonight! #Mavs
Sat May 02 06:22:44 +0000 2015,RT @NBAcom: On this date in 1980: Dallas granted expansion franchise, bringing @NBA to 23 teamshttp://t.co/aybgJcncVV #Mavs http://t.co/5‚Ä¶
Sat May 02 06:18:44 +0000 2015,RT @NOCMavsSoftball: Extremely proud of all of the lady maverick softball players! #MAVS
Sat May 02 06:15:09 +0000 2015,http://t.co/jaS6zrerJI Nice Vtg 90s DALLAS MAVERICKS Mavs Green SOFT t-shirt 50/50 tee T #Mavs http://t.co/iJBDe6AJs1
Sat May 02 06:13:12 +0000 2015,RT @NOCMavsSoftball: Extremely proud of all of the lady maverick softball players! #MAVS
Sat May 02 06:11:29 +0000 2015,RT @NOCMavsSoftball: Extremely proud of all of the lady maverick softball players! #MAVS
Sat May 02 06:09:45 +0000 2015,Extremely proud of all of the lady maverick softball players! #MAVS
Sat May 02 06:05:00 +0000 2015,@WRECKAMIC 1Tweet4 @OurMavericks, Follow #Mavs News, UTubes, Player Tweets, Stats and More! Visit http://t.co/jaS6zrerJI RT!
Sat May 02 06:04:34 +0000 2015,Fascinating thing abt Jerry + #mcuban : Their mentoring of players. Hidden resource for #Cowboys + #Mavs http://t.co/gZh0SwKYSc
Sat May 02 05:54:43 +0000 2015,http://t.co/7R8Q4b6nbw [SB Nation: Mavs Moneyball] - Dallas Mavericks top 5 stories of t #Mavs http://t.co/37J289qeG7
Sat May 02 05:44:43 +0000 2015,RT @fishsports: Fascinating thing abt Jerry + @mcuban : Their mentoring of players. Hidden resource for #Cowboys + #Mavs
Sat May 02 05:37:27 +0000 2015,#Mavs #dallasmavericks #mavericks NBA Assists Of The Week http://t.co/B6hWXvEMs0
Sat May 02 05:20:47 +0000 2015,Best scenario for Rondo: #Mavs trade Rondo for #BrooklynNets Deron Williams. üëç #NBA
Sat May 02 05:17:34 +0000 2015,RT @TalkingtonTyler: S/o to @KylefistSerr for the walk off win tonight! #Mavs
Sat May 02 05:10:35 +0000 2015,Dallas Mavericks top 5 stories of the¬†week: The Mavericks' season is over so we‚Ä¶ http://t.co/WHgjfCMaoM #Mavs #MFFL http://t.co/UPMplK0DgP
Sat May 02 05:09:29 +0000 2015,I've been to a lot of baseball, but I think tonight was one of my favoritesüéâüí•‚ù§Ô∏è #mavs
Sat May 02 05:02:10 +0000 2015,RT @MavsFansForLife: I don't think #Mavs target Lopez. If you thought Calderon/Ellis was bad defensively, Nowitzki/Lopez would be worse.  h‚Ä¶
Sat May 02 04:42:31 +0000 2015,RT @fishsports: Fascinating thing abt Jerry + @mcuban : Their mentoring of players. Hidden resource for #Cowboys + #Mavs
Sat May 02 04:39:56 +0000 2015,Roster Report| http://t.co/GNOUHe1RWb #Mavs
Sat May 02 04:38:56 +0000 2015,RT @MavsFansForLife: If the #Mavs want to slowly start transitioning to the post Dirk era, they have to do whatever it takes to resign Al-F‚Ä¶
Sat May 02 04:37:04 +0000 2015,#Mavs #dallasmavericks #mavericks Dallas Mavericks top 5 stories of the¬†week http://t.co/4XMmqCvU5e
Sat May 02 04:36:09 +0000 2015,#Mavs #Mavericks SF Chandler Parsons (knee) had successful arthroscopic knee surgery Friday morning.
Sat May 02 04:22:05 +0000 2015,http://t.co/jaS6zrerJI VTG 90s Champion Dallas Mavericks BLANK NBA Basketball Jersey Men #Mavs http://t.co/TF6RPadS4R
Sat May 02 04:21:57 +0000 2015,RT @TalkingtonTyler: S/o to @KylefistSerr for the walk off win tonight! #Mavs
Sat May 02 04:07:26 +0000 2015,RT @fishsports: Fascinating thing abt Jerry + @mcuban : Their mentoring of players. Hidden resource for #Cowboys + #Mavs
Sat May 02 04:04:19 +0000 2015,Only way that happens is if Monta and Tyson leave. If #Mavs get LMA, I definitely 100% expect Tyson back. https://t.co/uWYzQvdt7Q
Sat May 02 03:59:02 +0000 2015,RT @fishsports: Fascinating thing abt Jerry + @mcuban : Their mentoring of players. Hidden resource for #Cowboys + #Mavs
Sat May 02 03:58:21 +0000 2015,RT @fishsports: Fascinating thing abt Jerry + @mcuban : Their mentoring of players. Hidden resource for #Cowboys + #Mavs
Sat May 02 03:58:12 +0000 2015,http://t.co/jaS6zrerJI Sports Illustrated Dirk Nowitzki Dallas Mavericks Style Points 20 #Mavs http://t.co/g1NCdSdh4w
Sat May 02 03:56:18 +0000 2015,RT @fishsports: Fascinating thing abt Jerry + @mcuban : Their mentoring of players. Hidden resource for #Cowboys + #Mavs
Sat May 02 03:54:50 +0000 2015,No I don't. Nuggets are not going to trade Lawson to #Mavs because of an Instagram comment.  https://t.co/OWDDwfJoIO
Sat May 02 03:45:02 +0000 2015,http://t.co/2b0FFRiu83 May 1: Top 5  #Mavs http://t.co/2hzNgTaXbY
Sat May 02 03:37:58 +0000 2015,I hope my #mavs get @bwright34 @tysonchandler and rubio #MFFL
Sat May 02 03:27:08 +0000 2015,S/o to @KylefistSerr for the walk off win tonight! #Mavs
Sat May 02 03:04:10 +0000 2015,RT @MavsFansForLife: If we land Aldridge or Jordan, I see Aminu leaving for more $$. If we don't, I see #Mavs signing Aminu long term. http‚Ä¶
Sat May 02 02:55:50 +0000 2015,RT @MavsFansForLife: Nope. Just a comment from Ty Lawson to a fan on Instagram that he wished he played for the #Mavs. https://t.co/HxtsXYA‚Ä¶
Sat May 02 02:55:13 +0000 2015,RT @MavsFansForLife: Nope. Just a comment from Ty Lawson to a fan on Instagram that he wished he played for the #Mavs. https://t.co/HxtsXYA‚Ä¶