Sat May 02 16:59:16 +0000 2015,"Feet never tasted so good" kyha98 #trotter #nuggets #baolondon @bao_london #foodstagram #nofilter‚Ä¶ https://t.co/oSpE7ZKduu
Sat May 02 16:43:59 +0000 2015,@CinsinJay Top #nuggets influencer! Want to declutter you inbox quickly? Unroll.Me can help: http://t.co/toPWsOOyN7
Sat May 02 16:30:01 +0000 2015,Da soli o in compagnia, sono un #musthave del week end mangereccio! #nuggets #lericettedimisya http://t.co/0cyIFbV1G9
Sat May 02 16:27:06 +0000 2015,http://t.co/hvEMr29AFD 2014-15 Donruss #8 JaVale McGee - Denver Nuggets  #Nuggets http://t.co/exVYVoWg7F
Sat May 02 16:18:05 +0000 2015,M√∫sica Nueva! @congasbbq #comidar√°pida #selfservice #hamburgesa #perrocaliente #nuggets #granjero #papasfritas... http://t.co/CsKhoucpWj
Sat May 02 15:47:25 +0000 2015,^ #Sepatu dan #Nuggets | just follow @sagalayaishop | PIN:283B2166 WA:081315410105 | check BIO for order http://t.co/js7cxqvAap
Sat May 02 15:41:14 +0000 2015,#NP "Lies" des Knickerboxers par Nancy #Nuggets Sinatra #Dailysong https://t.co/nQlW777pNT
Sat May 02 15:31:33 +0000 2015,Grizzlies even series 1-1, beat Clippers 105-98 - http://t.co/IMElnxAH4V #Nuggets #NBA
Sat May 02 15:28:16 +0000 2015,RT @DenverNuggetsX2: @eduagraespn 1Tweet4 @DenverNuggetsX2, Follow #Nuggets News, Player Tweets, UTubes, Stats &amp; More! Visit http://t.co/hv‚Ä¶
Sat May 02 15:24:06 +0000 2015,#ThraxDaDon Coins MaKe Noise, Bills are Silent. #nuggets of wisdom http://t.co/xy2VTSHJ4Q
Sat May 02 15:23:06 +0000 2015,http://t.co/hvEMr29AFD DENVER NUGGETS NBA SWEAT SHIRT HOODIE  #Nuggets http://t.co/FABkqDCNF6
Sat May 02 15:07:41 +0000 2015,RT @CinsinJay: @ThraxDaDon    Coins MaKe  Noise, Bills are Silent.  #nuggets of wisdom
Sat May 02 14:59:58 +0000 2015,@daftar_RESELLER Leading the way in #nuggets! Tired of unwanted subscription emails? Try Unroll.Me: http://t.co/toPWsOOyN7
Sat May 02 14:50:17 +0000 2015,RT @CinsinJay: @ThraxDaDon    Coins MaKe  Noise, Bills are Silent.  #nuggets of wisdom
Sat May 02 14:40:25 +0000 2015,^ #Sepatu dan #Nuggets | just follow @sagalayaishop | PIN:283B2166 WA:081315410105 | check BIO for order http://t.co/ash5nYOAbB
Sat May 02 14:16:22 +0000 2015,@richava 1Tweet4 @DenverNuggetsX2, Follow #Nuggets News, Player Tweets, UTubes, Stats &amp; More! Visit http://t.co/hvEMr29AFD RT!
Sat May 02 14:10:00 +0000 2015,Iowa meeting kick off!  #nuggets @Joymichelleglen @AllAmericanHear http://t.co/chaqq747PY
Sat May 02 13:59:54 +0000 2015,http://t.co/hvEMr29AFD Denver Nuggets Hardwood Classics Fitted Hat 7-5/8 New Era Nba  #Nuggets http://t.co/wGHwynGj2e
Sat May 02 13:52:10 +0000 2015,* #Sepatu dan #Nuggets | just follow @sagalayaishop | PIN:283B2166 WA:081315410105 | check BIO for order http://t.co/ash5nYOAbB
Sat May 02 13:52:09 +0000 2015,RT @Nuggets10_fans: James Harden Scores Career-High 50 Points - http://t.co/Mdgv9r28Yg #Nuggets #NBA
Sat May 02 13:51:38 +0000 2015,RT @Nuggets10_fans: dedman's Final 2012 NBA Mockery - http://t.co/iDglhjgAsc #Nuggets #NBA
Sat May 02 13:50:21 +0000 2015,RT @Nuggets10_fans: Knicks Become the First Team to Lose 50 Games This Season - http://t.co/5YWoE094wy #Nuggets #NBA
Sat May 02 13:50:04 +0000 2015,Nets Lose Third in a Row as the Celtics Pull Away - http://t.co/lJImexwo1h #Nuggets #NBA http://t.co/wTWF9pW0RV
Sat May 02 13:49:29 +0000 2015,RT @Nuggets10_fans: Andrew Wiggins named NBA Rookie of the Year, Nuggets Jusuf Nurkic claims one vote - http://t.co/FGlqHcjPjy #Nuggets #NBA
Sat May 02 13:45:51 +0000 2015,RT @Nuggets10_fans: Nuggets' offseason plans - http://t.co/uUrWsdX6Hf #Nuggets #NBA
Sat May 02 13:44:03 +0000 2015,RT @Nuggets10_fans: Nets Lose Third in a Row as the Celtics Pull Away - http://t.co/6OaxYPFRfs #Nuggets #NBA
Sat May 02 13:36:25 +0000 2015,# #Sepatu dan #Nuggets | just follow @sagalayaishop | PIN:283B2166 WA:081315410105 | check BIO for order http://t.co/ash5nYOAbB
Sat May 02 13:31:56 +0000 2015,@postingreseller Leading the way in #nuggets! Tired of unwanted subscription emails? Try Unroll.Me: http://t.co/toPWsOOyN7
Sat May 02 13:26:43 +0000 2015,New Denver Nuggets Rumors. Friday, May 1 2015 - http://t.co/viXZYF1gCd #Nuggets #NBA
Sat May 02 13:21:25 +0000 2015,# #Sepatu dan #Nuggets | just follow @sagalayaishop | PIN:283B2166 WA:081315410105 | check BIO for order http://t.co/cOikCwSUEP
Sat May 02 12:51:20 +0000 2015,Ptit mcdo ce midi üëå #M #bacon #nuggets #sprite #mcfllury #oreo #caramel
Sat May 02 12:43:47 +0000 2015,http://t.co/EEkB0NdMH9: Inside the NBA: EJ's Neat O Stat |... http://t.co/a1OvojYtm3 #denver #february #inside #neat #nuggets #stat
Sat May 02 12:40:56 +0000 2015,* #Sepatu dan #Nuggets | just follow @sagalayaishop | PIN:283B2166 WA:081315410105 | check BIO for order http://t.co/cOikCwSUEP
Sat May 02 12:27:35 +0000 2015,Breakfast! #nuggets #toolazytogetup https://t.co/s4wQVJHWx3
Sat May 02 12:21:15 +0000 2015,#Nuggets „ÄêRETWEET„Äë #Followback #Follow #TFB #TFBJP #F4F #FF #Me #Love #TF #Like #MGWV @FollowbackImage http://t.co/Fivefyfh6a
Sat May 02 12:19:37 +0000 2015,http://t.co/EEkB0NdMH9: Denver Nuggets vs Oklahoma City... http://t.co/ar8a9j87Dy #denver #highlights #march #nuggets #oklahoma #thunder
Sat May 02 12:18:18 +0000 2015,@LIMPINGNEWTS #loving #him #was #chicken #HOT #spicy #nuggets
Sat May 02 12:18:06 +0000 2015,RT @Nuggets10_fans: Nets Lose Third in a Row as the Celtics Pull Away - http://t.co/6OaxYPFRfs #Nuggets #NBA
Sat May 02 12:16:38 +0000 2015,Nets Lose Third in a Row as the Celtics Pull Away - http://t.co/6OaxYPFRfs #Nuggets #NBA
Sat May 02 11:46:21 +0000 2015,* #Sepatu dan #Nuggets | just follow @sagalayaishop | PIN:283B2166 WA:081315410105 | check BIO for order http://t.co/5DFQ37GzXj
Sat May 02 11:41:36 +0000 2015,Nuggets' offseason plans - http://t.co/uUrWsdX6Hf #Nuggets #NBA
Sat May 02 11:41:04 +0000 2015,Am hanging out me arsehole and Ashford is gonna bring me a McDonald's 10/10 what a legend #McDonalds #nuggets #legend
Sat May 02 11:37:27 +0000 2015,http://t.co/hvEMr29AFD Denver Nuggets 3 1/2" Logo Patch Medium Basketball  #Nuggets http://t.co/IgSa6ep9Yi
Sat May 02 11:30:31 +0000 2015,# #Sepatu dan #Nuggets | just follow @sagalayaishop | PIN:283B2166 WA:081315410105 | check BIO for order http://t.co/0BRw8wim0K
Sat May 02 11:24:45 +0000 2015,* #Sepatu dan #Nuggets | just follow @sagalayaishop | PIN:283B2166 WA:081315410105 | check BIO for order http://t.co/js7cxqvAap
Sat May 02 11:09:43 +0000 2015,^ #Sepatu dan #Nuggets | just follow @sagalayaishop | PIN:283B2166 WA:081315410105 | check BIO for order http://t.co/0BRw8wim0K
Sat May 02 10:35:51 +0000 2015,@InsideLook 1Tweet4 @DenverNuggetsX2, Follow #Nuggets News, Player Tweets, UTubes, Stats &amp; More! Visit http://t.co/hvEMr29AFD RT!
Sat May 02 09:56:56 +0000 2015,Andrew Wiggins named NBA Rookie of the Year, Nuggets Jusuf Nurkic claims one vote - http://t.co/FGlqHcjPjy #Nuggets #NBA
Sat May 02 09:21:54 +0000 2015,Knicks Become the First Team to Lose 50 Games This Season - http://t.co/5YWoE094wy #Nuggets #NBA
Sat May 02 09:13:12 +0000 2015,@KeithBarkerCCIE went through #MPLS #nuggets,must say they are #great #appreciate your work when do u plan on comin up with #advanced #mpls
Sat May 02 08:59:06 +0000 2015,http://t.co/hvEMr29AFD NBA Denver Nuggets Carmelo Anthony #15 NWOT Stitched Jersey by #Nuggets http://t.co/Ydeztzj3V6
Sat May 02 08:46:51 +0000 2015,dedman's Final 2012 NBA Mockery - http://t.co/iDglhjgAsc #Nuggets #NBA
Sat May 02 08:39:03 +0000 2015,http://t.co/EEkB0NdMH9: Golden State Warriors vs Denver... http://t.co/rl8gPRWCA2 #april #denver #golden #highlights #nuggets #warriors
Sat May 02 08:39:03 +0000 2015,http://t.co/EEkB0NdMH9: Rockin' the 2014 nba season [ #promo ] http://t.co/AbfuvzvxQG #denver #nuggets #rockin
Sat May 02 08:34:47 +0000 2015,^ #Sepatu dan #Nuggets | just follow @sagalayaishop | PIN:283B2166 WA:081315410105 | check BIO for order http://t.co/5DFQ37GzXj
Sat May 02 08:11:49 +0000 2015,James Harden Scores Career-High 50 Points - http://t.co/Mdgv9r28Yg #Nuggets #NBA
Sat May 02 07:50:58 +0000 2015,^ #Sepatu dan #Nuggets | just follow @sagalayaishop | PIN:283B2166 WA:081315410105 | check BIO for order http://t.co/cOikCwSUEP
Sat May 02 07:45:06 +0000 2015,^ #Sepatu dan #Nuggets | just follow @sagalayaishop | PIN:283B2166 WA:081315410105 | check BIO for order http://t.co/3cc4SsD9Du
Sat May 02 06:43:46 +0000 2015,^ #Sepatu dan #Nuggets | just follow @sagalayaishop | PIN:283B2166 WA:081315410105 | check BIO for order http://t.co/A5DaGsUZql
Sat May 02 06:37:03 +0000 2015,http://t.co/hvEMr29AFD DENVER NUGGETS NBA STRUCTURED ADIDAS HAT CAP NWT STRETCH FITTE #Nuggets http://t.co/hkoKIY8q4t
Sat May 02 06:34:30 +0000 2015,# #Sepatu dan #Nuggets | just follow @sagalayaishop | PIN:283B2166 WA:081315410105 | check BIO for order http://t.co/js7cxqvAap
Sat May 02 06:04:45 +0000 2015,Baltimore native Will Barton organizes community BBQ - ESPN (blog) http://t.co/ukyMreMaKK #Denver #Nuggets #NBA
Sat May 02 05:58:35 +0000 2015,http://t.co/AvnjNH9Cpg: BBQ Glazed Chicken Wing... http://t.co/cINNuNkVTj #chicken #drummettes #glazed #korn #mashed #nuggets #potatoes
Sat May 02 05:51:40 +0000 2015,@eduagraespn 1Tweet4 @DenverNuggetsX2, Follow #Nuggets News, Player Tweets, UTubes, Stats &amp; More! Visit http://t.co/hvEMr29AFD RT!
Sat May 02 05:29:32 +0000 2015,#NBA #Nuggets - Vintage Denver Nuggets Alex English Mitchell &amp; Ness Jersey Size 60 1983... http://t.co/lzSEO0ibRU http://t.co/k33Sm3HFUt
Sat May 02 05:29:31 +0000 2015,#NBA #Nuggets - Denver Nuggets Basketball Jersey Hardwood Classics Retro Size 3XL Majes... http://t.co/DbMyECfFIR http://t.co/k33Sm3HFUt
Sat May 02 05:23:07 +0000 2015,http://t.co/hvEMr29AFD Denver Nuggets 47 Brand Retroscript Logo Snapback Hat NBA Base #Nuggets http://t.co/VqVOsKQc6V
Sat May 02 05:09:56 +0000 2015,* #Sepatu dan #Nuggets | just follow @sagalayaishop | PIN:283B2166 WA:081315410105 | check BIO for order http://t.co/A5DaGsUZql
Sat May 02 04:59:15 +0000 2015,http://t.co/EEkB0NdMH9: Dirk Passes KG | Denver... http://t.co/vS0ku7asBi #dallas #denver #dirk #mavericks #november #nuggets #passes
Sat May 02 04:41:22 +0000 2015,# #Sepatu dan #Nuggets | just follow @sagalayaishop | PIN:283B2166 WA:081315410105 | check BIO for order http://t.co/A5DaGsUZql
Sat May 02 04:22:27 +0000 2015,RT @CoMicpaGE: When you fighting over a girl and she takes her shirt off #boobs #basketball #nba #melo #kd #okc #nuggets #relatable http://‚Ä¶
Sat May 02 04:19:52 +0000 2015,http://t.co/hvEMr29AFD Sports Illustrated David Thompson Denver Nuggets 1976  #Nuggets http://t.co/QYlUNWNhko
Sat May 02 04:14:17 +0000 2015,Apex of '60s garage rock: The Squires, "Going All the Way" #Nuggets https://t.co/c64EUbWsso
Sat May 02 04:12:05 +0000 2015,# #Sepatu dan #Nuggets | just follow @sagalayaishop | PIN:283B2166 WA:081315410105 | check BIO for order http://t.co/5DFQ37GzXj
Sat May 02 04:09:28 +0000 2015,* #Sepatu dan #Nuggets | just follow @sagalayaishop | PIN:283B2166 WA:081315410105 | check BIO for order http://t.co/0BRw8wim0K
Sat May 02 04:09:07 +0000 2015,I have my priorities #relationships #chicken #nuggets #food #is #love http://t.co/eURlmFhO6h
Sat May 02 04:08:09 +0000 2015,Aba mitchell ness #denver #nuggets nz941 retro #snapback hat cap flat bill blue , LINK:http://t.co/9p8wPcvc6r http://t.co/johscV3y1R
Sat May 02 03:53:16 +0000 2015,http://t.co/hvEMr29AFD NBA DENVER NUGGETS #15 CARMELO ANTHONY(MELO)BLUE SEWN BASKETBA #Nuggets http://t.co/rbF6dKTBtg
Sat May 02 03:50:29 +0000 2015,http://t.co/LZZno8evth #Tapas #NachosGuacamole #PatatasBravas #Nuggets #Croquetas etc
Sat May 02 03:46:32 +0000 2015,http://t.co/EEkB0NdMH9: Media Day Interview - Ty Lawson http://t.co/6dDCIBNy9R #denver #interview #lawson #media #nuggets
Sat May 02 03:22:07 +0000 2015,http://t.co/EEkB0NdMH9: Watch Denver Nuggets v New York Knicks - live sports... http://t.co/LNXr3tdnh7 #denver #knicks #nuggets #york
Sat May 02 03:21:37 +0000 2015,#NBA #Nuggets - Mcfarlane NBA 6 Carmelo Anthony in Denver Nuggets Light Blue Jersey Roo... http://t.co/H9MWkhzZQh http://t.co/k33Sm3HFUt
Sat May 02 03:21:37 +0000 2015,#NBA #Nuggets - RARE EXCELLENT NIKE AIR JORDAN 20TH ANNIVERSARY CARMELO ANTHONY JERSEY ... http://t.co/zX8QpG5ATd http://t.co/k33Sm3HFUt
Sat May 02 03:21:36 +0000 2015,#NBA #Nuggets - EXCELLENT Adidas Denver Nuggets Shorts Youth Size L:  $19.99End Date: S... http://t.co/Z7lY1KDyuu http://t.co/k33Sm3HFUt
Sat May 02 03:21:36 +0000 2015,#NBA #Nuggets - DENVER NUGGETS 2-PACK MAGNET SET #7 - NEW:  $11.99End Date: Sunday May-... http://t.co/OUkjAB2tlK http://t.co/k33Sm3HFUt
Sat May 02 03:20:54 +0000 2015,at it again üòàüíï #nuggets #pc13 https://t.co/MnLMzcMAu6
Sat May 02 03:15:44 +0000 2015,#nuggets
Sat May 02 03:08:37 +0000 2015,* #Sepatu dan #Nuggets | just follow @sagalayaishop | PIN:283B2166 WA:081315410105 | check BIO for order http://t.co/3cc4SsD9Du
Sat May 02 03:01:41 +0000 2015,http://t.co/hvEMr29AFD Carmelo Anthony Denver Nuggets Alternate Jersey Lg  #Nuggets http://t.co/hhLwyQQe9p
Sat May 02 02:56:55 +0000 2015,Titans eyeing WR Dorial Green-Beckham at 33? - Dorial Green-Beckham | CLG - http://t.co/Z8K7yL1OS9 #Nuggets #NBA
Sat May 02 02:46:26 +0000 2015,# #Sepatu dan #Nuggets | just follow @sagalayaishop | PIN:283B2166 WA:081315410105 | check BIO for order http://t.co/3cc4SsD9Du
Sat May 02 02:43:37 +0000 2015,http://t.co/hvEMr29AFD Reversable VTG JH Design Denver Nuggets Basketball Wool Letter #Nuggets http://t.co/cGJF4wnV2v
Sat May 02 02:32:47 +0000 2015,http://t.co/EEkB0MWbiz: BASKET - Le joueur des Denver Nuggets a inscrit un panier du... http://t.co/9CeFgbaKEr #basket #denver #nuggets
Sat May 02 02:21:53 +0000 2015,See what a Denver Nuggets helmet would look like - http://t.co/Hz1KuhVMzH #Nuggets #NBA
Sat May 02 02:19:25 +0000 2015,Personal Finance: Gold Nuggets - Woman Enriched http://t.co/n4DPwgb2zJ via @@itsamyrobles #gold #money #nuggets #freedom
Sat May 02 02:19:09 +0000 2015,#NBA #Nuggets - Nene Hilario #31 Denver Nuggets adidas NBA Jersey LG L Rookie:  $44.99E... http://t.co/AkESz3fYg5 http://t.co/k33Sm3HFUt
Sat May 02 02:19:09 +0000 2015,#NBA #Nuggets - Denver Nuggets Reversible NBA Track Jacket Large NWT Basketball 2 Sided... http://t.co/RuavIpDEC5 http://t.co/k33Sm3HFUt
Sat May 02 02:19:09 +0000 2015,#NBA #Nuggets - Vintage Denver Nuggets Allen Iverson #3 Adidas Jersey Youth Size Large ... http://t.co/nZdQ2EwC7c http://t.co/k33Sm3HFUt
Sat May 02 02:19:08 +0000 2015,#NBA #Nuggets - 40 NBA Denver Nuggets Stickers:  $9.00End Date: Sunday May-31-2015 18:2... http://t.co/SBvH97GgrG http://t.co/k33Sm3HFUt
Sat May 02 02:19:08 +0000 2015,#NBA #Nuggets - Adidas Denver Nuggets Blue S/S Crewneck Graphic T Shirt Mens Large:  $1... http://t.co/lFlxz5A1px http://t.co/k33Sm3q52V
