Sat May 02 16:56:06 +0000 2015,#NBA: The Biggest Takeaways from the #OKCThunder 2014-15 Regular Season http://t.co/HE91UbvpjV
Sat May 02 16:13:46 +0000 2015,RT @GuyHutSports: Don't Miss @jessejane Interview With @GuyHutSports Where She Talks #BoomerSooner , #OKCThunder http://t.co/2jAXg3OBq8 htt‚Ä¶
Sat May 02 15:28:14 +0000 2015,#NBA: The Biggest Takeaways from the #OKCThunder 2014-15 Regular Season http://t.co/wMKO8hxG69
Sat May 02 15:28:08 +0000 2015,The Biggest Takeaways from the #OKCThunder 2014-15 Regular Season #NBA http://t.co/bjkvzdFUFO
Sat May 02 14:56:12 +0000 2015,RT @MikeSherman: Billy Donovan heading back to Florida for farewell press conference | News OK http://t.co/l5zwbncZz5 #OKCThunder
Sat May 02 13:45:27 +0000 2015,#okc #okcthunder #ThunderUp #nba New Oklahoma City Thunder Rumors. Saturday, May 2 2015 http://t.co/gqLDfUgYzw
Sat May 02 13:45:11 +0000 2015,RT @HaugenND: #OKCThunder  good luck!!#youngestthunderfan #thunderup #borntoday http://t.co/IShaZ9IhMo
Sat May 02 13:16:04 +0000 2015,#NBA: The Biggest Takeaways from the #OKCThunder 2014-15 Regular Season http://t.co/IJJwswHlVY
Sat May 02 13:06:11 +0000 2015,RT @GuyHutSports: Don't Miss @jessejane Interview With @GuyHutSports Where She Talks #BoomerSooner , #OKCThunder http://t.co/2jAXg3OBq8 htt‚Ä¶
Sat May 02 12:54:32 +0000 2015,#NBA: The Biggest Takeaways from the #OKCThunder 2014-15 Regular Season http://t.co/h3Oe616MAA
Sat May 02 12:34:27 +0000 2015,RT @kwandarykitten: What effect the Scott Brooks' firing will have on OKC. http://t.co/k1d0GX83gx #NBA #okcthunder @NGSCSports
Sat May 02 12:32:22 +0000 2015,#NBA The Biggest Takeaways from the #OKCThunder 2014-15 Regular Season http://t.co/eizKOiENJP
Sat May 02 12:10:33 +0000 2015,The Biggest Takeaways from the #OKCThunder 2014-15 Regular Season #NBA http://t.co/Fjn2h5E8US
Sat May 02 12:10:30 +0000 2015,The Biggest Takeaways from the #OKCThunder 2014-15 Regular Season #NBA http://t.co/VhpilJp27p
Sat May 02 12:08:08 +0000 2015,#okcthunder #ThunderUp #OKCthunder New Thunder Coach Billy Donovan's Three Levels of Commitment http://t.co/MkHsA3WKkN
Sat May 02 11:48:25 +0000 2015,#NBA: The Biggest Takeaways from the #OKCThunder 2014-15 Regular Season http://t.co/gXUYa9cHZ1
Sat May 02 11:26:25 +0000 2015,#NBA: The Biggest Takeaways from the #OKCThunder 2014-15 Regular Season http://t.co/1vknlsaywr
Sat May 02 10:42:23 +0000 2015,#NBA: The Biggest Takeaways from the #OKCThunder 2014-15 Regular Season http://t.co/PR4ozU5owL
Sat May 02 10:42:04 +0000 2015,#NBA The Biggest Takeaways from the #OKCThunder 2014-15 Regular Season http://t.co/vDsyqnoaAh
Sat May 02 10:20:20 +0000 2015,#NBA: The Biggest Takeaways from the #OKCThunder 2014-15 Regular Season http://t.co/0jsE7JA6Re
Sat May 02 09:36:16 +0000 2015,The Biggest Takeaways from the #OKCThunder 2014-15 Regular Season #NBA http://t.co/cltDSsdXRP
Sat May 02 09:36:10 +0000 2015,The Biggest Takeaways from the #OKCThunder 2014-15 Regular Season #NBA http://t.co/I1F1mNH5YF
Sat May 02 07:17:15 +0000 2015,New headcoach : Billy Donovan #okcthunder
Sat May 02 07:06:39 +0000 2015,Basically #BillyDonovan #okcthunder #goodluck #üò¢ http://t.co/FsfxVFXbwL
Sat May 02 06:17:54 +0000 2015,The true #NBA #MVP #RussellWestbrook #OKCThunder #ThunderUp http://t.co/4PGVzuhyza
Sat May 02 03:56:29 +0000 2015,Russel Westbrook #okcthunder #TheDanceNeverEnds #basketball #russellwestbrook #basketballlife https://t.co/zaP1qTx4LR
Sat May 02 03:40:42 +0000 2015,Russel Westbrook #TheDanceNeverEnds #okcthunder #russellwestbrook #basketballedits https://t.co/J1rGCLtrsM
Sat May 02 03:14:42 +0000 2015,I don't like Coach Donovan's receding hairline. It instantly makes me question this hiring decision for absolutely no reason. #okcthunder
Sat May 02 03:00:40 +0000 2015,#NBA The Biggest Takeaways from the #OKCThunder 2014-15 Regular Season http://t.co/oFqhbKB1ad
Sat May 02 03:00:38 +0000 2015,The Biggest Takeaways from the #OKCThunder 2014-15 Regular Season #NBA http://t.co/tf2avECnOd
Sat May 02 02:09:10 +0000 2015,#okc #okcthunder #ThunderUp #nba New Oklahoma City Thunder Rumors. Friday, May 1 2015 http://t.co/gqLDfUgYzw
Sat May 02 01:54:39 +0000 2015,The Biggest Takeaways from the #OKCThunder 2014-15 Regular Season #NBA http://t.co/tQfWdnJHve
Sat May 02 01:54:36 +0000 2015,#NBA The Biggest Takeaways from the #OKCThunder 2014-15 Regular Season http://t.co/L1dms8duPS
Sat May 02 01:51:23 +0000 2015,RT @NewsOKThunder: Missed the Billy Donovan press conference? Here's the replay via @NewsOKVideo: http://t.co/svBMlOPWkk #okcthunder
Sat May 02 01:32:18 +0000 2015,#NBA: The Biggest Takeaways from the #OKCThunder 2014-15 Regular Season http://t.co/QKxqCGnwr2
Sat May 02 00:52:06 +0000 2015,Billy Donovan heading back to Florida for farewell press conference | News OK http://t.co/qX4Yj9r4qd #OKCThunder http://t.co/4J71GZvcxt
Sat May 02 00:50:37 +0000 2015,If you missed the presser and you are true #OKCThunder fan spend the tome to watch this video. Sammy seems to have üëç https://t.co/FeKcGoNsDW
Sat May 02 00:48:25 +0000 2015,#NBA The Biggest Takeaways from the #OKCThunder 2014-15 Regular Season http://t.co/maYwh14hC3
Sat May 02 00:38:48 +0000 2015,RT @SamGannon87: Donovan on defense: It needs to be rehearsed, there's a level of discipline to it. Have to have a system for it too. #okct‚Ä¶
Sat May 02 00:09:09 +0000 2015,RT @SamGannon87: Donovan on defense: It needs to be rehearsed, there's a level of discipline to it. Have to have a system for it too. #okct‚Ä¶
Sat May 02 00:08:49 +0000 2015,RT @SamGannon87: Donovan on defense: It needs to be rehearsed, there's a level of discipline to it. Have to have a system for it too. #okct‚Ä¶
Fri May 01 23:42:04 +0000 2015,#NBA The Biggest Takeaways from the #OKCThunder 2014-15 Regular Season http://t.co/WiFcv207zh
Fri May 01 23:42:02 +0000 2015,#NBA: The Biggest Takeaways from the #OKCThunder 2014-15 Regular Season http://t.co/R6XHrZi8Bk
Fri May 01 23:39:21 +0000 2015,Saw this in Times Square &amp; thought of @devinpdexter #KevinDurant #OKCThunder http://t.co/xmr0hqhDq8
Fri May 01 23:26:47 +0000 2015,Good to meet @russwest44 @EncoreBeachClub. #OKCThunder #FormerBruin #FightWeekend #MayweatherPacquiao‚Ä¶ https://t.co/VVSQIX0r4B
Fri May 01 23:20:29 +0000 2015,#NBA The Biggest Takeaways from the #OKCThunder 2014-15 Regular Season http://t.co/yZ3uh6GV1R
Fri May 01 23:16:50 +0000 2015,RT @GuyHutSports: Don't Miss @jessejane Interview With @GuyHutSports Where She Talks #BoomerSooner , #OKCThunder http://t.co/2jAXg3OBq8 htt‚Ä¶
Fri May 01 23:12:07 +0000 2015,RT @MikeSherman: Billy Donovan heading back to Florida for farewell press conference | News OK http://t.co/l5zwbncZz5 #OKCThunder
Fri May 01 23:09:05 +0000 2015,#okcthunder #ThunderUp #forum #nba clippers or spurs vs rockets who wins http://t.co/H27lkXLQ2N
Fri May 01 23:09:04 +0000 2015,#ThunderUp #OKC #OKCthunder #nba Grizzlies' gritty D to be tested by Warriors without Conley (The Associated P.. http://t.co/klFLiYylYD
Fri May 01 23:05:24 +0000 2015,Welcome to the great state of #Oklahoma Coach Donovan! #OKCThunder
Fri May 01 22:57:41 +0000 2015,Where can I watch the press conference once I get off work? #okcthunder
Fri May 01 22:55:04 +0000 2015,RT @MikeSherman: Billy Donovan heading back to Florida for farewell press conference | News OK http://t.co/l5zwbncZz5 #OKCThunder
Fri May 01 22:53:37 +0000 2015,Billy Donovan excited by Oklahoma City Thunder challenge http://t.co/Pyg6HjU4VD #okcthunder #oklahomacitythunder
Fri May 01 22:47:52 +0000 2015,RT @MikeSherman: Billy Donovan heading back to Florida for farewell press conference | News OK http://t.co/l5zwbncZz5 #OKCThunder
Fri May 01 22:46:28 +0000 2015,RT @MikeSherman: Billy Donovan heading back to Florida for farewell press conference | News OK http://t.co/l5zwbncZz5 #OKCThunder
Fri May 01 22:36:07 +0000 2015,#NBA: The Biggest Takeaways from the #OKCThunder 2014-15 Regular Season http://t.co/WefTqex8Wu
Fri May 01 22:33:05 +0000 2015,RT @MikeSherman: Billy Donovan heading back to Florida for farewell press conference | News OK http://t.co/l5zwbncZz5 #OKCThunder
Fri May 01 22:32:19 +0000 2015,RT @MikeSherman: Billy Donovan heading back to Florida for farewell press conference | News OK http://t.co/l5zwbncZz5 #OKCThunder
Fri May 01 22:31:48 +0000 2015,Billy Donovan heading back to Florida for farewell press conference | News OK http://t.co/l5zwbncZz5 #OKCThunder
Fri May 01 22:23:16 +0000 2015,RT @NewsOKThunder: Missed the Billy Donovan press conference? Here's the replay via @NewsOKVideo: http://t.co/svBMlOPWkk #okcthunder
Fri May 01 22:18:07 +0000 2015,#okcthunder #ThunderUp #forum #nba washinton BULLETS VS ALANTA HAWKS http://t.co/auxxkwijIX
Fri May 01 22:14:26 +0000 2015,#NBA: The Biggest Takeaways from the #OKCThunder 2014-15 Regular Season http://t.co/4YtyvmCRLA
Fri May 01 22:13:10 +0000 2015,#okcthunder #ThunderUp #forum #nba cleveland vs CHICAGO WHO WINS http://t.co/JkuXzz3BhY
Fri May 01 22:09:25 +0000 2015,#okc #okcthunder #ThunderUp #nba New Oklahoma City Thunder Rumors. Friday, May 1 2015 http://t.co/gqLDfUgYzw
Fri May 01 22:09:22 +0000 2015,#okcthunder #ThunderUp #forum #nba memphis vs goldenstate WHO WINS http://t.co/wxzS2tjGBn
Fri May 01 22:05:37 +0000 2015,Billy Donovan calls jump from Florida to NBA an 'exciting challenge' - via @ESPN App http://t.co/nXfgoeQDRJ #OkcThunder
Fri May 01 21:56:41 +0000 2015,I am ALL OVER this #Donovan to #okcthunder news. Sorry for flooding your feed; very excited! üòÅ
Fri May 01 21:52:22 +0000 2015,#NBA: The Biggest Takeaways from the #OKCThunder 2014-15 Regular Season http://t.co/uxGAvmB8Zh
Fri May 01 21:42:40 +0000 2015,Missed the Billy Donovan press conference? Here's the replay via @NewsOKVideo: http://t.co/svBMlOPWkk #okcthunder
Fri May 01 21:42:40 +0000 2015,Missed the Billy Donovan press conference? Here's the replay via @NewsOKVideo: http://t.co/Jzv7uvXRsW #okcthunder
Fri May 01 21:30:20 +0000 2015,The Biggest Takeaways from the #OKCThunder 2014-15 Regular Season #NBA http://t.co/2Njmo86oL3
Fri May 01 21:13:28 +0000 2015,@russwest44 I'm ready for this coming season of #Thunder excited to see where our team is going. Glad #okcthunder has you üòç‚ò∫Ô∏è‚ò∫Ô∏è‚ò∫Ô∏è
Fri May 01 21:07:44 +0000 2015,RT @GuyHutSports: Don't Miss @jessejane Interview With @GuyHutSports Where She Talks #BoomerSooner , #OKCThunder http://t.co/2jAXg3OBq8 htt‚Ä¶
Fri May 01 20:46:01 +0000 2015,#NBA The Biggest Takeaways from the #OKCThunder 2014-15 Regular Season http://t.co/4NFegi74iM
Fri May 01 20:24:41 +0000 2015,The Biggest Takeaways from the #OKCThunder 2014-15 Regular Season #NBA http://t.co/WeUcUVjaeT
Fri May 01 20:24:40 +0000 2015,The Biggest Takeaways from the #OKCThunder 2014-15 Regular Season #NBA http://t.co/7mWLvFfRMt
Fri May 01 20:09:04 +0000 2015,#ThunderUp #OKC #OKCthunder #nba Thunder introduce new coach Billy Donovan (The Associated Press) http://t.co/BFjdAGmLet
Fri May 01 20:08:48 +0000 2015,#Donovan X #okcthunder
Fri May 01 20:05:54 +0000 2015,#OKCThunder hire former #Florida head coach Billy Donovan http://t.co/LT9oWw5kpE
Fri May 01 20:02:36 +0000 2015,#NBA The Biggest Takeaways from the #OKCThunder 2014-15 Regular Season http://t.co/5zyxdINwxk
Fri May 01 20:02:31 +0000 2015,The Biggest Takeaways from the #OKCThunder 2014-15 Regular Season #NBA http://t.co/hU3yed7Vhn
Fri May 01 19:38:01 +0000 2015,RT @SamGannon87: "Scott Brooks has done an outstanding job while he's been here."-Donovan #okcthunder
Fri May 01 19:37:52 +0000 2015,RT @SamGannon87: "I knew nothing of the Oklahoma City Thunder." (in terms of the inner workings of organization) -Billy Donovan #okcthunder
Fri May 01 19:37:12 +0000 2015,#okcthunder #2016nbachamps?
Fri May 01 19:30:55 +0000 2015,Warriors Rumors: Kevin Durant To Be Targeted On 'Good Authority'Warriors World http://t.co/m0Am15vFzZ #Warriors #OKCThunder
Fri May 01 19:26:25 +0000 2015,RT @Jazz_FZ: The Biggest Takeaways from the #OKCThunder 2014-15 Regular Season #NBA http://t.co/0ekr2paEGW
Fri May 01 19:24:11 +0000 2015,RT @GuyHutSports: Don't Miss @jessejane Interview With @GuyHutSports Where She Talks #BoomerSooner , #OKCThunder http://t.co/2jAXg3OBq8 htt‚Ä¶
Fri May 01 19:22:14 +0000 2015,RT @SamGannon87: "I've always been a ball movement, player movement, extra pass team."       -Billy Donovan #okcthunder
Fri May 01 19:21:47 +0000 2015,RT @GuyHutSports: Don't Miss @jessejane Interview With @GuyHutSports Where She Talks #BoomerSooner , #OKCThunder http://t.co/2jAXg3OBq8 htt‚Ä¶
Fri May 01 19:20:14 +0000 2015,RT @GuyHutSports: Don't Miss @jessejane Interview With @GuyHutSports Where She Talks #BoomerSooner , #OKCThunder http://t.co/2jAXg3OBq8 htt‚Ä¶
Fri May 01 19:18:11 +0000 2015,The Biggest Takeaways from the #OKCThunder 2014-15 Regular Season #NBA http://t.co/0ekr2paEGW
Fri May 01 19:10:53 +0000 2015,RT @SamGannon87: Donovan on defense: It needs to be rehearsed, there's a level of discipline to it. Have to have a system for it too. #okct‚Ä¶
Fri May 01 19:10:34 +0000 2015,Recruit 35 love this dude already #okcthunder
Fri May 01 19:09:35 +0000 2015,@kfor Thanks for carrying the press conference! #thunderup #okcthunder !!!
Fri May 01 19:08:53 +0000 2015,Lovin me some #CoachBillyD #OkcThunder
Fri May 01 19:08:47 +0000 2015,Donovan on defense: It needs to be rehearsed, there's a level of discipline to it. Have to have a system for it too. #okcthunder
Fri May 01 19:08:38 +0000 2015,RT @SamGannon87: Donovan says that "emotional connectivity" is extremely important within a basketball team. #okcthunder
Fri May 01 19:08:06 +0000 2015,RT @SamGannon87: Donovan says that "emotional connectivity" is extremely important within a basketball team. #okcthunder
Fri May 01 19:07:16 +0000 2015,Totally sold on Donovan....at least after this news conference. #okcthunder #thundercoach #drinkingthekoolaid
