Sat May 02 17:02:05 +0000 2015,#Collectible #Buzz Indiana #Pacers #Adidas Originals Long Sleeve Thermal Ivory Shirt Men's SZ‚Ä¶ http://t.co/SbHLRfb7l9 #Bestseller #Buy
Sat May 02 17:02:05 +0000 2015,#Sports #Goods Official #NBA Indiana #Pacers Team Pennant 12" x 30" http://t.co/npiYuhRLgw #Forsale #onsale
Sat May 02 17:02:05 +0000 2015,#NBA #Basketball #Adidas Indiana #Pacers Yellow Authentic On-Court Shorts 4XL +2 http://t.co/gwRTfBVkqQ #eBay #Auction
Sat May 02 17:01:12 +0000 2015,L L L #Sports #Goods #Adidas Indiana #Pacers Reggie Miller Throwback Soul Swingman #Jersey Medium #Forsale #onsale http://t.co/GaGL0UAaaB
Sat May 02 16:57:30 +0000 2015,I failed to make a derby hat this year.... Guess a @Pacers hat will have to do :) #DerbyDay #Pacers #IndianaPacers #DerbyHat #BoomBaby
Sat May 02 16:55:08 +0000 2015,#WeightLoss #Fit Weight Loss Tips: Easy to Follow! http://t.co/EAuPo9NibY #Pacers #Healthy
Sat May 02 16:55:08 +0000 2015,L #Sports #Goods #NBA #Basketball Indiana #Pacers Eastern Conference Finals Playoffs Shirt Adult XL #Forsale #onsale http://t.co/h96TGGNesg
Sat May 02 16:49:20 +0000 2015,L #NBA #Basketball NBA Basketball Indiana #Pacers Gold Swagger E Conf Finals Playoffs Shirt Adult XL #eBay #Auction http://t.co/ZhReIgwaxc
Sat May 02 16:48:08 +0000 2015,http://t.co/EEkB0NdMH9:... http://t.co/r4EumriopK #chandler #dallas #finishes #mavericks #october #pacers #parsons #preseason #rockets
Sat May 02 16:46:12 +0000 2015,#Collectible #Buzz #NBA #Basketball Indiana #Pacers Roy Hibbert #55 #Adidas #Jersey Shirt Adult 2X http://t.co/IxPRh6a6aD #Bestseller #Buy
Sat May 02 16:46:11 +0000 2015,#Sports #Goods Indiana #Pacers #Adidas Originals Long Sleeve Thermal Ivory Shirt Men's SZ (S-2XL) http://t.co/Z5yOPxxXTR #Forsale #onsale
Sat May 02 16:46:11 +0000 2015,#NBA #Basketball NBA Basketball Indiana #Pacers CSA VF Knitwear Shirt Adult L Large http://t.co/RJd9lyErLx #eBay #Auction
Sat May 02 16:45:13 +0000 2015,Player Review 2015 :Damjan Rude≈æ http://t.co/mJMGTLNcKY #Pacers #NBA
Sat May 02 16:43:34 +0000 2015,L L #Collectible #Buzz #NBA #Basketball Indiana #Pacers Gold Gear for Sports' Shirt Adult XL #Bestseller #Buy http://t.co/e2vED9Ra0k
Sat May 02 16:43:27 +0000 2015,RT @8pts9secs: Paul George Only Gave Glimpses of What He Can Do http://t.co/UutGeFR03f #pacers
Sat May 02 16:43:17 +0000 2015,@JoniLeaHall Top of #pacers today! Organize your emails: quickly and easily! Try Unroll.Me http://t.co/76NfmmP1Ld
Sat May 02 16:41:51 +0000 2015,http://t.co/gGx2yAbTLR Extra Stuff: Blatt on Kyrie's Growth  #Pacers http://t.co/LJA5WuvLYH
Sat May 02 16:38:57 +0000 2015,#WeightLoss #Fit Exercises that can Reduce Your Weight http://t.co/Fp9VMksbOi #Pacers #Healthy
Sat May 02 16:34:10 +0000 2015,L #Sports #Goods #NBA #Basketball Indiana #Pacers Blue Collar Gold Swagger Jerzees Shirt Adult XL #Forsale #onsale http://t.co/P0E6tFXUZf
Sat May 02 16:31:48 +0000 2015,#Pacers „ÄêRETWEET„Äë #Followback #Follow #TFB #TFBJP #F4F #FF #Me #Love #TF #Like #MGWV @Hetlau http://t.co/ZRnr2I1tuJ
Sat May 02 16:29:39 +0000 2015,#Collectible #Buzz Official #NBA Indiana #Pacers Light Up Adjustable Cap/Hat 100% Cotton Comfort http://t.co/i4pkSCF1mD #Bestseller #Buy
Sat May 02 16:29:38 +0000 2015,#Sports #Goods #NBA #Basketball Indiana #Pacers Gold Gear for Sports' Shirt Adult XL http://t.co/4onzWjfZMQ #Forsale #onsale
Sat May 02 16:29:38 +0000 2015,#NBA #Basketball NBA Basketball Indiana #Pacers One-Piece #Reebok Hoodie Sweatsuit Kids 18M http://t.co/G3BAnkBLFP #eBay #Auction
Sat May 02 16:25:21 +0000 2015,Happy Birthday @Yg_Trece!!! #PG13 #Pacers
Sat May 02 16:23:06 +0000 2015,#WeightLoss #Fit Finding Your Inner Strength (AKA Cultivating Your Inner Good Witch) http://t.co/ko14mKqYwe #Pacers #Healthy
Sat May 02 16:23:05 +0000 2015,L #Collectible #Buzz #NBA #Basketball Indiana #Pacers Starter Pullover Jacket Youth Kids Medium #Bestseller #Buy http://t.co/KH85YsAoZy
Sat May 02 16:17:06 +0000 2015,L #Sports #Goods #NBA #Basketball Indiana #Pacers Gold Swagger 2014 Playoffs Delta Shirt Adult XL #Forsale #onsale http://t.co/EQB8ZPkHq5
Sat May 02 16:15:12 +0000 2015,Player Review 2015 :Luis Scola http://t.co/uj80RGSXSk #Pacers #NBA
Sat May 02 16:14:22 +0000 2015,#Collectible #Buzz #NBA Official Indiana #Pacers Large Team Pennant 17" x 40" Team Pride http://t.co/9RE4S91qs8 #Bestseller #Buy
Sat May 02 16:14:22 +0000 2015,#Sports #Goods #NBA #Basketball Indiana #Pacers #Jersey Shirt Youth Kids Toddler 24 Months http://t.co/fP6BkmbdJR #Forsale #onsale
Sat May 02 16:14:22 +0000 2015,#NBA #Basketball NBA Basketball Indiana #Pacers Gold Gear for Sports' Shirt Adult XL http://t.co/0160E2qL4O #eBay #Auction
Sat May 02 16:12:07 +0000 2015,L L #Collectible #Buzz #Adidas Indiana #Pacers Yellow Authentic On-Court Shorts 4XL +2 #Bestseller #Buy http://t.co/2vXAQWWnwT
Sat May 02 16:10:07 +0000 2015,We would like to wish @Pacers @NBAAllStar @Yg_Trece a Happy Birthday today. http://t.co/ZoZXzvCul4 http://t.co/VFFinutO9N #Pacers
Sat May 02 16:06:55 +0000 2015,Happy Birthday @Yg_Trece get well soon. #13 #Pacers
Sat May 02 16:02:07 +0000 2015,L L #Sports #Goods #Adidas Indiana #Pacers Reggie Miller Throwback Soul Swingman #Jersey Medium #Forsale #onsale http://t.co/eNe3conSeH
Sat May 02 16:00:45 +0000 2015,I would like the #Pacers to draft PG @JerianGrant from ND üçÄ @JulieANorth
Sat May 02 15:58:37 +0000 2015,#Collectible #Buzz #NBA #Basketball Indiana #Pacers Kids Club Donatos Pizza Shirt Youth Medium M http://t.co/agctKn9LSV #Bestseller #Buy
Sat May 02 15:58:37 +0000 2015,#Sports #Goods #NBA #Basketball Indiana #Pacers Eastern Conference Finals Playoffs Shirt Adult XL http://t.co/Fg2lV8pDlx #Forsale #onsale
Sat May 02 15:58:36 +0000 2015,#NBA #Basketball NBA Basketball Indiana #Pacers Gold Swagger E Conf Finals Playoffs Shirt Adult XL http://t.co/lCoVzXoDyo #eBay #Auction
Sat May 02 15:57:06 +0000 2015,L L #Collectible #Buzz Vintage INDIANA #Pacers PRO PLAYER #NBA FULL ZIP JACKET MENS SIZE XL Windbreaker #Bestseller‚Ä¶ http://t.co/ORnaw1UkOf
Sat May 02 15:56:22 +0000 2015,#WeightLoss #Fit Beat Your Belly Fat Program Review http://t.co/dH6SfGaPDd #Pacers #Healthy ‚Ä¶ http://t.co/IHDY4nwBUy
Sat May 02 15:53:06 +0000 2015,#WeightLoss #Fit Beat Your Belly Fat Program Review http://t.co/XORlu40ZDm #Pacers #Healthy
Sat May 02 15:52:08 +0000 2015,L L #NBA #Basketball Vintage INDIANA #Pacers PRO PLAYER NBA FULL ZIP JACKET MENS SIZE XL Windbreaker #eBay #Auction http://t.co/SWiDl3EjPY
Sat May 02 15:46:37 +0000 2015,L #Collectible #Buzz #NBA #Basketball Indiana #Pacers Gold Gear for Sports' Shirt Adult XL #Bestseller #Buy http://t.co/pOwTmD5Ekr
Sat May 02 15:45:12 +0000 2015,Rodney Stuckey :More Than Stats Can Measure http://t.co/sbByPibXt9 #Pacers #NBA
Sat May 02 15:43:06 +0000 2015,#Collectible #Buzz #Adidas Indiana #Pacers Reggie Miller Throwback Soul Swingman #Jersey Medium http://t.co/H6vdXBUEGU #Bestseller #Buy
Sat May 02 15:43:05 +0000 2015,#Sports #Goods #NBA #Basketball Indiana #Pacers Blue Collar Gold Swagger Jerzees Shirt Adult XL http://t.co/qIgaBEEiEZ #Forsale #onsale
Sat May 02 15:43:05 +0000 2015,#NBA #Basketball NBA Basketball Indiana #Pacers Park Antony Great Clips #Jersey Youth 18-20 http://t.co/CxN5hjINkI #eBay #Auction
Sat May 02 15:40:39 +0000 2015,L L #Collectible #Buzz Indiana #Pacers Authentic #Adidas #NBA Shorts Size 4XL Lenght + 4 Mens #Bestseller #Buy http://t.co/ylJZfEmUvY
Sat May 02 15:37:07 +0000 2015,#WeightLoss #Fit The Best Weight Loss Tip - Eat Real Food http://t.co/GrbdMmnxZA #Pacers #Healthy
Sat May 02 15:36:33 +0000 2015,RT @JoniLeaHall: @Yg_Trece Happy Birthday!!! #Pacers #PacerNation
Sat May 02 15:34:05 +0000 2015,L #Collectible #Buzz #NBA #Basketball Indiana #Pacers Gold Swagger E Conf Finals Playoffs Shirt‚Ä¶ #Bestseller #Buy http://t.co/MVxvXl9agz
Sat May 02 15:32:43 +0000 2015,Big happy birthday to @yg_trece Enjoy your day my man!! #pacers #indiana https://t.co/CVHxwEUpc1
Sat May 02 15:29:31 +0000 2015,Mike Conley Not Expected To Play In Games 1-2| http://t.co/D6LCRKUYFZ #pacers
Sat May 02 15:28:20 +0000 2015,RT @pacers_fans10: Pacers again establish they're tough on road against Magic| http://t.co/LiazHd1MHX #pacers
Sat May 02 15:28:11 +0000 2015,#Collectible #Buzz #NBA #Basketball Indiana #Pacers Starter Pullover Jacket Youth Kids Medium http://t.co/qPnqhovVF5 #Bestseller #Buy
Sat May 02 15:28:11 +0000 2015,#Sports #Goods #NBA #Basketball Indiana #Pacers Gold Swagger 2014 Playoffs Delta Shirt Adult XL http://t.co/N02AQrylwL #Forsale #onsale
Sat May 02 15:28:10 +0000 2015,#NBA #Basketball NBA Basketball Indiana #Pacers Starter Pullover Jacket Youth Kids Medium http://t.co/MIdWpgGdTU #eBay #Auction
Sat May 02 15:25:45 +0000 2015,#WeightLoss #Fit Losing Belly Fat Is Not Rocket Science! Here's Why http://t.co/5CnehEnjf7 #Pacers #Healthy ‚Ä¶ http://t.co/yVCsCNgMPC
Sat May 02 15:23:50 +0000 2015,RT @IndiPacers: Miller Time Podcast Episdoe #112 :Exit Interview http://t.co/WCyOUNqBPz #Pacers #NBA
Sat May 02 15:23:07 +0000 2015,L L B #Sports #Goods BRAND NEW PAUL GEORGE NO.24 INDIANA #Pacers #Jersey #Forsale #onsale http://t.co/N8i4QSGWkY
Sat May 02 15:22:25 +0000 2015,#WeightLoss #Fit Losing Belly Fat Is Not Rocket Science! Here's Why http://t.co/9e2A42BCRT #Pacers #Healthy
Sat May 02 15:17:42 +0000 2015,L #Collectible #Buzz #Adidas Indiana #Pacers Yellow Authentic On-Court Shorts 4XL +2 #Bestseller #Buy http://t.co/mB1hlx6Sp0
Sat May 02 15:15:11 +0000 2015,Miller Time Podcast Episdoe #112 :Exit Interview http://t.co/WCyOUNqBPz #Pacers #NBA
Sat May 02 15:12:12 +0000 2015,L #Sports #Goods #Adidas Indiana #Pacers Reggie Miller Throwback Soul Swingman #Jersey Medium #Forsale #onsale http://t.co/ImHQ9hnak1
Sat May 02 15:11:11 +0000 2015,#Collectible #Buzz #NBA #Basketball Indiana #Pacers One-Piece Kid Athlete Shirt Top Baby 6-9 Months http://t.co/IV3BV5iWCU #Bestseller #Buy
Sat May 02 15:11:11 +0000 2015,#Sports #Goods #NBA #Basketball Indiana #Pacers Blue &amp; Gold 2014 Playoffs Shirt Adult XL http://t.co/VvhPI9kf6h #Forsale #onsale
Sat May 02 15:11:10 +0000 2015,#NBA #Basketball NBA Basketball Indiana #Pacers Eastern Conference Finals Playoffs Shirt Adult XL http://t.co/Wh79nM3drg #eBay #Auction
Sat May 02 15:09:47 +0000 2015,Pacers again establish they're tough on road against Magic| http://t.co/LiazHd1MHX #pacers
Sat May 02 15:07:05 +0000 2015,L #Collectible #Buzz Vintage INDIANA #Pacers PRO PLAYER #NBA FULL ZIP JACKET MENS SIZE XL Windbreaker #Bestseller‚Ä¶ http://t.co/MMnPSzIULl
Sat May 02 15:01:55 +0000 2015,RT @90sClevelander: #Hawks lucky as hell that the #Pacers didn't sneak into that 8th spot
Sat May 02 15:01:36 +0000 2015,L #Sports #Goods Vintage INDIANA #Pacers PRO PLAYER #NBA FULL ZIP JACKET MENS SIZE XL Windbreaker #Forsale #onsale http://t.co/LwFgIW2C1V
Sat May 02 15:01:25 +0000 2015,RT @ScottAgness: One day after his daughter turned one, #Pacers‚Äô @Yg_Trece is 25. Also, happy birthday to @JFP32.
Sat May 02 14:59:12 +0000 2015,@IndianaPacers1v Top of #pacers leaderboard! Need to clean up your inbox? Unroll.Me can help: http://t.co/76NfmmP1Ld
Sat May 02 14:56:03 +0000 2015,L #NBA #Basketball Vintage INDIANA #Pacers PRO PLAYER NBA FULL ZIP JACKET MENS SIZE XL Windbreaker #eBay #Auction http://t.co/VKUn3zLqIS
Sat May 02 14:55:16 +0000 2015,#Collectible #Buzz #NBA #Basketball Indiana #Pacers Gold Gear for Sports' Shirt Adult XL http://t.co/cGclERzHYN #Bestseller #Buy
Sat May 02 14:55:15 +0000 2015,#Sports #Goods #NBA #Basketball Indiana #Pacers Blue Collar Gold Swagger Shirt Adult XL http://t.co/9wuMzfTGJR #Forsale #onsale
Sat May 02 14:55:15 +0000 2015,#NBA #Basketball NBA Basketball Indiana #Pacers Indiana's Team 2013 Finals Playoffs Shirt Adult XL http://t.co/Fn65EggvEe #eBay #Auction
Sat May 02 14:54:14 +0000 2015,Sometimes No Words At All Can Be The Best Way To Get The Point Across. #ReggieMiller #Indiana #Pacers‚Ä¶ https://t.co/qD0esNHNZf
Sat May 02 14:53:29 +0000 2015,#WeightLoss #Fit Which Weight Loss Pills Are Best? Natural Vs Pharmaceutical http://t.co/rbwSoG70zW #Pacers #Heal‚Ä¶ http://t.co/MEAnB8TKP0
Sat May 02 14:52:15 +0000 2015,#WeightLoss #Fit Which Weight Loss Pills Are Best? Natural Vs Pharmaceutical http://t.co/JhnhcQd06B #Pacers #Healthy
Sat May 02 14:51:06 +0000 2015,One day after his daughter turned one, #Pacers‚Äô #Yg_Trece is 25. Also, happy birthday to #JFP32. http://t.co/kgdXBDsgJn
Sat May 02 14:50:38 +0000 2015,L #Collectible #Buzz Indiana #Pacers Authentic #Adidas #NBA Shorts Size 4XL Lenght + 4 Mens #Bestseller #Buy http://t.co/ZXgRpgRlJC
Sat May 02 14:45:10 +0000 2015,Pacers draft prospects :A closer look at Bobby Portis http://t.co/asE7GgjJC9 #Pacers #NBA
Sat May 02 14:40:37 +0000 2015,L #Sports #Goods Indiana #Pacers Authentic #Adidas #NBA Shorts Size 4XL Lenght + 4 Mens #Forsale #onsale http://t.co/BNyfXzn53t
Sat May 02 14:39:09 +0000 2015,#Collectible #Buzz #NBA #Basketball Indiana #Pacers Gold Swagger E Conf Finals Playoffs Shirt‚Ä¶ http://t.co/62QosZvLcv #Bestseller #Buy
Sat May 02 14:39:09 +0000 2015,#Sports #Goods #NBA #Basketball Indiana #Pacers 2014 Playoffs Shirt Adult XL http://t.co/onwHLwrdfW #Forsale #onsale
Sat May 02 14:39:08 +0000 2015,#NBA #Basketball NBA Basketball Indiana #Pacers College Night anvil Shirt Adult M Medium http://t.co/7mxl4Jcon3 #eBay #Auction
Sat May 02 14:39:04 +0000 2015,@ChronicleMike 1Tweet4 @OurPacers, Follow #Pacers News, UTubes, Player Tweets, Stats and More! Visit http://t.co/46hY4vYLoz RT!
Sat May 02 14:37:06 +0000 2015,#WeightLoss #Fit Want Lose Weight Fast? Speed Up Your Metabolism http://t.co/ceobZkWAyh #Pacers #Healthy
Sat May 02 14:35:15 +0000 2015,L B #Sports #Goods BRAND NEW PAUL GEORGE NO.24 INDIANA #Pacers #Jersey #Forsale #onsale http://t.co/YY6bP1AP6m
Sat May 02 14:34:34 +0000 2015,Katie Douglas' number should be raised in rafters at Fieldhouse with Pacers legends http://t.co/Jp3kGSTb5U #Pacers‚Ä¶ http://t.co/3ukcZIEQRj
Sat May 02 14:29:37 +0000 2015,L #Collectible #Buzz JERMAINE O'NEAL INDIANA #Pacers #NBA #Reebok #Basketball #Jersey SIZE YOUTH‚Ä¶ #Bestseller #Buy http://t.co/HhWzdweZuU
Sat May 02 14:26:55 +0000 2015,#Pacers #Indiana The Informer's 40 Blogs in 40 Nights: Day 14: As this series, it really does... http://t.co/QMCGjbPgZw #pacersgamenight
Sat May 02 14:24:16 +0000 2015,Paul George Only Gave Glimpses of What He Can Do http://t.co/UutGeFR03f #pacers
Sat May 02 14:24:16 +0000 2015,Paul George Only Gave Glimpses of What He Can Do http://t.co/asIZh1khj4 #pacers
Sat May 02 14:23:50 +0000 2015,RT @ScottAgness: One day after his daughter turned one, #Pacers‚Äô @Yg_Trece is 25. Also, happy birthday to @JFP32.
Sat May 02 14:23:39 +0000 2015,#Collectible #Buzz #Adidas Indiana #Pacers Yellow Authentic On-Court Shorts 4XL +2 http://t.co/V8mpQLOCMP #Bestseller #Buy
Sat May 02 14:23:38 +0000 2015,#Sports #Goods #Adidas Indiana #Pacers Reggie Miller Throwback Soul Swingman #Jersey Medium http://t.co/qTVEv6moVt #Forsale #onsale
Sat May 02 14:23:37 +0000 2015,#NBA #Basketball #Adidas Indiana #Pacers Reggie Miller Throwback Soul Swingman #Jersey Medium http://t.co/wwkeL2cnWr #eBay #Auction
