Sat May 02 17:13:11 +0000 2015,L #Basketball #Buzz 2014-15 Panini Gold Standard #102 Dwight Howard 31/285 HOUSTON #Rockets #Forsale #onsale http://t.co/CaxE6tra8B
Sat May 02 17:08:35 +0000 2015,L L C #NBA #Rockets 2010-11 Totally Certified Blue #129 #JamesHarden/299 #Bargains #Deals http://t.co/JcC8qcoWtF
Sat May 02 17:08:05 +0000 2015,L #DwightHoward #Deals 2014-15 Panini Gold Standard #102 Dwight Howard 31/285 HOUSTON ROCKETS #NBA #Rockets http://t.co/QPvkBSTuzo
Sat May 02 17:07:34 +0000 2015,#Cards #NBA 2014-15 Elite #11 #JamesHarden - #Houston #Rockets http://t.co/4MF64gX5Du #Card #Bestseller
Sat May 02 17:06:05 +0000 2015,#NBA #Rockets 2014-15 Elite #11 #JamesHarden - Houston Rockets http://t.co/8OGxwJsJYj #Bargains #Deals
Sat May 02 17:03:05 +0000 2015,TIX http://t.co/J0APjn0b85 L Houston #Rockets tickets http://t.co/rxVfOmMTGX #Ticket #Tickets
Sat May 02 17:01:32 +0000 2015,http://t.co/gNvynRi2jI Extra Stuff: Blatt on Kyrie's Growth  #Rockets #NBA http://t.co/8q9tiIBxRx
Sat May 02 17:00:14 +0000 2015,Houston Rockets Have No Room for Error in NBA Playoffs' Second Round http://t.co/g54yDq8iUw #Rockets #NBA
Sat May 02 16:59:04 +0000 2015,TIX http://t.co/uc1QIL6tF6 A Houston #Rockets #Tickets http://t.co/YwBeEs2atu #Ticket #BasketBall
Sat May 02 16:58:07 +0000 2015,L L #NBA #DwightHoward K) 2014-15 Select DWIGHT HOWARD Prizm Refractor SP *Houston Rockets #Rockets #Bargains http://t.co/F1nZqhiPW7
Sat May 02 16:55:27 +0000 2015,#rockets https://t.co/ABfHITvEu4
Sat May 02 16:54:55 +0000 2015,#rockets https://t.co/vstSTV7DCh
Sat May 02 16:53:51 +0000 2015,http://t.co/yrMtBKmZxO 2 E-TICKETS (Flash Seats)!! Houston Rockets vs TBD Playoffs 05 #Rockets http://t.co/T5vadSuEIW
Sat May 02 16:52:42 +0000 2015,TIX http://t.co/JaFlKEdQwa 2 E-TICKETS (Flash Seats)!! Houston #Rockets vs TBD Playoffs 05/06/15 http://t.co/XuHWRN7jYR #Ticket #Tickets
Sat May 02 16:52:34 +0000 2015,TIX http://t.co/J0APjn0b85 2 E-TICKETS (Flash Seats)!! Houston #Rockets vs TBD Playoffs 05/06/15 http://t.co/euU2LCYHHx #Ticket #Tickets
Sat May 02 16:52:34 +0000 2015,TIX http://t.co/uc1QIL6tF6 2 E-#Tickets (Flash Seats)!! Houston #Rockets vs TBD Playoffs‚Ä¶ http://t.co/KcRAG54UJ7 #Ticket #BasketBall
Sat May 02 16:52:06 +0000 2015,#Basketball #Buzz 2014-15 Donruss #11 Dwight Howard - Houston #Rockets http://t.co/953riLSrDM #Forsale #onsale
Sat May 02 16:51:12 +0000 2015,RT @Rockets__Nation: #FBF Yao Ming with the INSANE Crossover! #Rockets http://t.co/5HMTP0FHNK
Sat May 02 16:49:34 +0000 2015,#NBA #Rockets #JamesHarden 2009-10 Prestigious Picks Black Rookie Auto #37/50 RC Mint MVP SP ! http://t.co/UAOF22ZJiQ #Bargains #Deals
Sat May 02 16:49:10 +0000 2015,TIX http://t.co/JaFlKEdQwa L L Houston #Rockets Western Conference Semis Round 2 Game 1 - 5/4 Playoff‚Ä¶ http://t.co/HXWvrHiHFI #Ticket‚Ä¶
Sat May 02 16:48:08 +0000 2015,http://t.co/EEkB0NdMH9:... http://t.co/r4EumriopK #chandler #dallas #finishes #mavericks #october #pacers #parsons #preseason #rockets
Sat May 02 16:48:07 +0000 2015,TIX http://t.co/J0APjn0b85 L L Houston #Rockets Western Conference Semis Round 2 Game 1 - 5/4 Playoff‚Ä¶ http://t.co/KJ9I01DosL #Ticket‚Ä¶
Sat May 02 16:46:40 +0000 2015,L #DwightHoward #Deals 2008-2009 TOPPS TREASURY DWIGHT HOWARD BRONZE REFRACTOR #12 MAGIC LAKERS /999 #NBA #Rockets http://t.co/DZ95O11HjI
Sat May 02 16:46:36 +0000 2015,L L B #NBA #Rockets 2009-10 #Topps CHROME REFRACTOR #JamesHarden ROOKIE #Card - MVP CANDIDATE #Bargains #Deals http://t.co/vvHEdSBDtN
Sat May 02 16:41:48 +0000 2015,How about if we all unfollow the @HoustonRockets until they #BringBackChad   #rockets #NBAPlayoffs
Sat May 02 16:40:34 +0000 2015,L L #NBA #DwightHoward 2014-15 Select Prizms Silver #34 Dwight Howard CON - NM-MT #Rockets #Bargains http://t.co/lOIdXPitL2
Sat May 02 16:40:34 +0000 2015,L C #NBA #Rockets 2012-13 Panini Gold Standard Gold Standard Insert #14 #JamesHarden/199 #Bargains #Deals http://t.co/zWlkcNuFyJ
Sat May 02 16:40:06 +0000 2015,James Harden Is Quietly Answering Big Playoff Questions for Houston Rockets http://t.co/cfqQZUThfd #Rockets #NBA
Sat May 02 16:37:57 +0000 2015,http://t.co/5lUFLmgRBu [SB Nation: The Dream Shake] - Rockets should root for a Western C #Rockets http://t.co/qYC0qbl8rV
Sat May 02 16:37:15 +0000 2015,TIX http://t.co/JaFlKEdQwa Houston #Rockets tickets http://t.co/LLTcsZsb4g #Ticket #Tickets
Sat May 02 16:37:12 +0000 2015,We #killed it üö£üèª like  a #rockets üöÄ #dragonboat #texasdragonboat #paddleup  üí™üèº https://t.co/pb9wKRK4AD
Sat May 02 16:37:05 +0000 2015,TIX http://t.co/uc1QIL6tF6 Houston #Rockets #Tickets http://t.co/YwBeEs2atu #Ticket #BasketBall
Sat May 02 16:37:05 +0000 2015,TIX http://t.co/J0APjn0b85 Houston #Rockets tickets http://t.co/rxVfOmMTGX #Ticket #Tickets
Sat May 02 16:36:08 +0000 2015,#DwightHoward #Deals 2014-15 Donruss #11 Dwight Howard - Houston Rockets http://t.co/3VXDa78Nsi #NBA #Rockets
Sat May 02 16:36:07 +0000 2015,#NBA #DwightHoward 2014-15 Donruss #11 Dwight Howard - Houston Rockets http://t.co/bpXYWGkTQQ #Rockets #Bargains
Sat May 02 16:35:05 +0000 2015,L #DwightHoward #Deals K) 2014-15 Select DWIGHT HOWARD Prizm Refractor SP *Houston Rockets #NBA #Rockets http://t.co/kIzYEzkuet
Sat May 02 16:34:07 +0000 2015,TIX http://t.co/JaFlKEdQwa L Houston #Rockets Western Conference Semis Round 2 Game 1 - 5/4 Playoff‚Ä¶ http://t.co/HXWvrHiHFI #Ticket‚Ä¶
Sat May 02 16:33:04 +0000 2015,#NBA #Rockets - Houston Rockets # 1 NBA Basketball Jersey Red White New Men Size XL:  $... http://t.co/9bvCHvNiFV http://t.co/k33Sm3q52V
Sat May 02 16:32:37 +0000 2015,TIX http://t.co/J0APjn0b85 L Houston #Rockets Western Conference Semis Round 2 Game 1 - 5/4 Playoff‚Ä¶ http://t.co/KJ9I01DosL #Ticket‚Ä¶
Sat May 02 16:31:25 +0000 2015,#Rockets When coach Kevin McHale was asked if Patrick Beverley (wrist) might return during the playoffs, he re...  http://t.co/ojOABVyels
Sat May 02 16:29:37 +0000 2015,L L #DwightHoward #Deals 2014-15 Donruss Basketball #11 Dwight Howard Houston Rockets #NBA #Rockets http://t.co/zkLQHRuuH6
Sat May 02 16:28:35 +0000 2015,TIX http://t.co/uc1QIL6tF6 A Houston #Rockets Western Conference Semis Round 2 Game 1 - 5/4‚Ä¶ http://t.co/hMb298jmGr #Ticket #BasketBall
Sat May 02 16:25:35 +0000 2015,RT @lougonzalez: I love my #Rockets but Prigioni has the ugliest shot http://t.co/BWL5YFltat
Sat May 02 16:25:06 +0000 2015,L L #NBA #DwightHoward 2014-15 Donruss Basketball #11 Dwight Howard Houston Rockets #Rockets #Bargains http://t.co/ITTdHaghkk
Sat May 02 16:25:05 +0000 2015,L C #NBA #Rockets 2010-11 Totally Certified Blue #129 #JamesHarden/299 #Bargains #Deals http://t.co/DU6BA2RSQl
Sat May 02 16:22:56 +0000 2015,RT @DavidLaboure: Les #Rockets virent leur community manager suite √† ¬´¬†l‚Äôaffaire du tweet¬†¬ª http://t.co/uFZIupzpwk #NBA #Basketball
Sat May 02 16:21:09 +0000 2015,TIX http://t.co/JaFlKEdQwa Houston #Rockets Western Conference Semis Round 2 Game 1 - 5/4 Playoff‚Ä¶ http://t.co/HXWvrHiHFI #Ticket #Tickets
Sat May 02 16:21:08 +0000 2015,TIX http://t.co/J0APjn0b85 Houston #Rockets Western Conference Semis Round 2 Game 1 - 5/4 Playoff‚Ä¶ http://t.co/KJ9I01DosL #Ticket #Tickets
Sat May 02 16:21:06 +0000 2015,TIX http://t.co/uc1QIL6tF6 Houston #Rockets Western Conference Semis Round 2 Game 1 - 5/4‚Ä¶ http://t.co/hMb298jmGr #Ticket #BasketBall
Sat May 02 16:20:34 +0000 2015,RT @lougonzalez: I love my #Rockets but Prigioni has the ugliest shot http://t.co/BWL5YFltat
Sat May 02 16:20:05 +0000 2015,2014/15 D-League Usage Report :Pacers http://t.co/VEdhjy6GwA #Rockets #NBA
Sat May 02 16:19:36 +0000 2015,#Basketball #Buzz 2014-15 Panini Gold Standard #102 Dwight Howard 31/285 HOUSTON #Rockets http://t.co/I63uZSDXTU #Forsale #onsale
Sat May 02 16:19:36 +0000 2015,#DwightHoward #Deals 2014-15 Panini Gold Standard #102 Dwight Howard 31/285 HOUSTON ROCKETS http://t.co/thdQpws4OT #NBA #Rockets
Sat May 02 16:19:35 +0000 2015,#NBA #DwightHoward 2014-15 Panini Gold Standard #102 Dwight Howard 31/285 HOUSTON ROCKETS http://t.co/3sSUjR4q1O #Rockets #Bargains
Sat May 02 16:19:06 +0000 2015,L #NBA #DwightHoward K) 2014-15 Select DWIGHT HOWARD Prizm Refractor SP *Houston Rockets #Rockets #Bargains http://t.co/OWQfxqbsNK
Sat May 02 16:19:06 +0000 2015,L #NBA #Rockets #JamesHarden 2009-10 Upper Deck Draft RC #40 Houston Rockets #Bargains #Deals http://t.co/YZJbka7eIu
Sat May 02 16:17:05 +0000 2015,#NBA #Rockets 8x 2014-15 select #JamesHarden carmelo anthony lot blue refractor prizm /249 http://t.co/6ze40EbpjK #Bargains #Deals
Sat May 02 16:16:49 +0000 2015,RT @LarryFisher_KDC: Difficult to describe just how GOOD that game was. Story can't possibly do #Rockets and #Winterhawks justice: http://t‚Ä¶
Sat May 02 16:16:24 +0000 2015,RT @DavidLaboure: Les #Rockets virent leur community manager suite √† ¬´¬†l‚Äôaffaire du tweet¬†¬ª http://t.co/uFZIupzpwk #NBA #Basketball
Sat May 02 16:15:23 +0000 2015,Les #Rockets virent leur community manager suite √† ¬´¬†l‚Äôaffaire du tweet¬†¬ª http://t.co/uFZIupzpwk #NBA #Basketball
Sat May 02 16:13:12 +0000 2015,L L #NBA #DwightHoward 2008-09 Topps DWIGHT HOWARD Variation Jersey card #Rockets #Bargains http://t.co/j4q0j9VTlT
Sat May 02 16:05:58 +0000 2015,I'm totally in for this...just don't tweet about the horses shooting...you'll get fired like the #Rockets guy.  https://t.co/SZivt20eGU
Sat May 02 16:04:08 +0000 2015,#Cards #NBA 2014-15 Court Kings Aficionado Sapphire #7 #JamesHarden - #Houston #Rockets /25 http://t.co/5XAgfqmGCS #Card #Bestseller
Sat May 02 16:04:07 +0000 2015,#Basketball #Buzz 2013-14 Prizm #113 Dwight Howard #Rockets R25389 - NM-MT http://t.co/mGQPFvvMM2 #Forsale #onsale
Sat May 02 16:04:06 +0000 2015,#DwightHoward #Deals 2008-2009 TOPPS TREASURY DWIGHT HOWARD BRONZE REFRACTOR #12 MAGIC LAKERS /999 http://t.co/CHj7CEJc6N #NBA #Rockets
Sat May 02 16:04:06 +0000 2015,#NBA #DwightHoward 2008-2009 TOPPS TREASURY DWIGHT HOWARD BRONZE REFRACTOR #12 MAGIC LAKERS /999 http://t.co/cRZqgOKPPS #Rockets #Bargains
Sat May 02 16:02:42 +0000 2015,L #NBA #DwightHoward 2014-15 Select Prizms Silver #34 Dwight Howard CON - NM-MT #Rockets #Bargains http://t.co/yqWqTWVDtS
Sat May 02 16:02:15 +0000 2015,@TheSportMarket Key element with #Rockets tweet was long history of "over the line" content; this wasn't out of character (1 of 2)
Sat May 02 16:02:05 +0000 2015,L #NBA #Rockets #JamesHarden #3 2014-15 Panini Donruss COURT KINGS ROCKETS #Bargains #Deals http://t.co/DU7nlq5Am7
Sat May 02 16:01:05 +0000 2015,#NBA #Rockets 2014-15 Court Kings Aficionado Sapphire #7 #JamesHarden - Houston Rockets /25 http://t.co/8Onsh7YbJq #Bargains #Deals
Sat May 02 16:00:05 +0000 2015,And-Ones :Huertas, NBA Draft, Towns http://t.co/KRPcpBl9QH #Rockets #NBA
Sat May 02 15:58:10 +0000 2015,#Rockets #GoodAfternoon https://t.co/tYRe6th2AC
Sat May 02 15:57:06 +0000 2015,L B #NBA #Rockets 2009-10 #Topps CHROME REFRACTOR #JamesHarden ROOKIE #Card - MVP CANDIDATE #Bargains #Deals http://t.co/UmSkkLWVrM
Sat May 02 15:52:05 +0000 2015,L L B #NBA #Rockets 2012-13 Panini Gold Standard Gold Standard Insert #14 #JamesHarden/199 #Bargains #Deals http://t.co/dACaHydcO7
Sat May 02 15:51:50 +0000 2015,#Houston #Rockets NBA Playoffs 2015 News: Houston Rockets Owner Leslie Alexander Sells New York Pen... http://t.co/RgmkwIw7Mq #GoRockets
Sat May 02 15:50:14 +0000 2015,Are #Rockets more likely to üåµüî´ or ‚úÇÔ∏èüî´? With Game 7 on tap, ESPN's @calvinwatkins studied potential Houston matchups:https://t.co/xq17S6zZk8
Sat May 02 15:49:05 +0000 2015,TIX http://t.co/JaFlKEdQwa L L D 2 Houston #Rockets Lower E-Tickets vs Spurs or Clippers Round 2 Game 2‚Ä¶ http://t.co/ofR97TIiN2 #Ticket‚Ä¶
Sat May 02 15:47:37 +0000 2015,TIX http://t.co/J0APjn0b85 L L D 2 Houston #Rockets Floor E-Tickets vs Spurs or Clippers Round 2 Game 1‚Ä¶ http://t.co/skXAV8j3CX #Ticket‚Ä¶
Sat May 02 15:47:37 +0000 2015,#DwightHoward #Deals K) 2014-15 Select DWIGHT HOWARD Prizm Refractor SP *Houston Rockets http://t.co/EWCFqIUe04 #NBA #Rockets
Sat May 02 15:47:36 +0000 2015,#NBA #DwightHoward 2010-11 Classics #84 Dwight Howard http://t.co/JQLRtU4BXa #Rockets #Bargains
Sat May 02 15:46:38 +0000 2015,L #DwightHoward #Deals 2014-15 Donruss Basketball #11 Dwight Howard Houston Rockets #NBA #Rockets http://t.co/UWQVzLyhTF
Sat May 02 15:45:06 +0000 2015,#NBA #Rockets #JamesHarden 2009-10 Upper Deck Rookie #Card Short Print SP! http://t.co/mCig7pFfiY #Bargains #Deals
Sat May 02 15:40:38 +0000 2015,L #NBA #DwightHoward 2014-15 Donruss Basketball #11 Dwight Howard Houston Rockets #Rockets #Bargains http://t.co/LK6jSiXz9f
Sat May 02 15:40:03 +0000 2015,Week In Review 4/26/15-5/2/15 http://t.co/1mxYf9RL3I #Rockets #NBA
Sat May 02 15:39:42 +0000 2015,On @iTunes, ESPN's @calvinwatkins talks #Rockets Round 2 while Baseball America's @jjcoop36 chats #Astros prospects:https://t.co/ldFITjzIuS
Sat May 02 15:39:06 +0000 2015,#Rockets James Harden Is Quietly Answering Big Playoff Questions For Houston Rockets #NBA http://t.co/aeW1HprjFt
Sat May 02 15:35:45 +0000 2015,Fun read...'#Rockets: A History' http://t.co/XWl7012Mvx #Science
Sat May 02 15:34:15 +0000 2015,L C #NBA #DwightHoward Dwight Howard 13/14 Select jersey Rockets #Rockets #Bargains http://t.co/52bjiCCwFg
Sat May 02 15:34:06 +0000 2015,L L B #NBA #Rockets 2010-11 Totally Certified Blue #129 #JamesHarden/299 #Bargains #Deals http://t.co/oKYMkkb7ju
Sat May 02 15:32:17 +0000 2015,#Rockets, #Howard vuole migliorare ai liberi http://t.co/ZRd4zdObW9 #houstonrockets #nba #nbateams #news #smith
Sat May 02 15:31:51 +0000 2015,RT @Coach_Kuz: Big weekend for our former #Rockets - good luck to you all this weekend! #MACtion #NFLDraft http://t.co/CZqVJiYiOH
Sat May 02 15:31:36 +0000 2015,#DwightHoward #Deals 2010-11 Classics #84 Dwight Howard http://t.co/Jnk0pHYXF2 #NBA #Rockets
Sat May 02 15:31:36 +0000 2015,#NBA #DwightHoward K) 2014-15 Select DWIGHT HOWARD Prizm Refractor SP *Houston Rockets http://t.co/L64Ii3HViE #Rockets #Bargains
Sat May 02 15:29:05 +0000 2015,#NBA #Rockets #JamesHarden 2009-10 Upper Deck Draft RC #40 Houston Rockets http://t.co/11Dj4NPlcQ #Bargains #Deals
Sat May 02 15:28:03 +0000 2015,TIX http://t.co/uc1QIL6tF6 A A D 3 5/6 NBA Western Conference Semifinals : Houston #Rockets v‚Ä¶ http://t.co/MHczipRWH8 #Ticket #BasketBall
Sat May 02 15:27:42 +0000 2015,RT @Rockets__Nation: #FBF Yao Ming with the INSANE Crossover! #Rockets http://t.co/5HMTP0FHNK
Sat May 02 15:23:45 +0000 2015,RT @topHRockets: NBA Game Thread for April 30, 2015 http://t.co/sgyG4oKo8r #Rockets #NBA
Sat May 02 15:23:38 +0000 2015,L L #Cards #NBA 2014-15 Panini Prizm Photo Variations #13 #JamesHarden - #Rockets #Card #Bestseller http://t.co/3SkhthCEZi
Sat May 02 15:23:05 +0000 2015,L #NBA #DwightHoward 2008-09 Topps DWIGHT HOWARD Variation Jersey card #Rockets #Bargains http://t.co/49yFd15R6Y
Sat May 02 15:22:27 +0000 2015,http://t.co/5lUFLmgRBu [NBA: Hang Time] - Spurs: Is this the end of beginning or beginnin #Rockets http://t.co/6l32FZpaLN