Sat May 02 17:10:03 +0000 2015,Week In Review 4/26/15-5/2/15 http://t.co/YG5mLPh56p #Suns #NBA
Sat May 02 16:56:09 +0000 2015,Phoenix #Suns' changes, issues complicate Jeff Hornacek's job #NBA http://t.co/fG63jsh6jV
Sat May 02 16:56:04 +0000 2015,After an odd year, the Phoenix #Suns face an uncertain future #NBA http://t.co/CBflYaa9Ci
Sat May 02 16:45:13 +0000 2015,Mychal Thompson :Warriors Plan To Go Hard After Kevin Durant In 2016 http://t.co/8m0cAU1zZZ #Suns #NBA
Sat May 02 16:39:10 +0000 2015,#Suns Suns Throwback: Kidd's Bleached Return #NBA http://t.co/sP2sweWJ5k
Sat May 02 16:37:07 +0000 2015,#phoenixsuns #suns #GoSuns #phx New Phoenix Suns Rumors. Saturday, May 2 2015 http://t.co/PAA574Ra0B
Sat May 02 16:34:29 +0000 2015,#Suns' changes, issues complicate Jeff Hornacek's job #NBA http://t.co/fcl3tvT2X6
Sat May 02 16:34:27 +0000 2015,#NBA New Orleans #Pelicans dispose of the Phoenix #Suns, 90-75 http://t.co/G1Vif7To3F
Sat May 02 16:34:26 +0000 2015,#NBA New Orleans #Pelicans dispose of the Phoenix #Suns, 90-75 http://t.co/dsUAXMUBNp
Sat May 02 16:25:12 +0000 2015,LaMarcus Aldridge Believed To Have Strongest Interest In Spurs http://t.co/lGijz9l75C #Suns #NBA
Sat May 02 16:16:29 +0000 2015,RT @Lakers_FZ: #NBA After an odd year, the Phoenix #Suns face an uncertain future http://t.co/JcCa7zgVAv
Sat May 02 16:12:29 +0000 2015,#NBA After an odd year, the Phoenix #Suns face an uncertain future http://t.co/JcCa7zgVAv
Sat May 02 16:12:27 +0000 2015,#Suns' changes, issues complicate Jeff Hornacek's job #NBA http://t.co/Asu4xrUI7e
Sat May 02 16:12:26 +0000 2015,Phoenix #Suns' changes, issues complicate Jeff Hornacek's job #NBA http://t.co/M9kQ3Hh87B
Sat May 02 16:12:04 +0000 2015,The New Orleans #Pelicans dispose of the Phoenix #Suns, 90-75 #NBA http://t.co/jtsqSNW42N
Sat May 02 16:08:10 +0000 2015,#phoenixsuns #suns #GoSuns #phx Central Notes: Middleton, Love, Butler http://t.co/0JttgQTR76
Sat May 02 15:56:47 +0000 2015,... Please tell me why? Am I the curse? Shouldn't I support their team? #LFC #stevieG #suns #stevenash #favouriteplayer
Sat May 02 15:50:03 +0000 2015,#NBA #Pelicans dispose of the #Suns, 90-75 http://t.co/smrODsYtFP
Sat May 02 15:50:03 +0000 2015,After an odd #NBA year, the Phoenix #Suns face an uncertain future http://t.co/4ieuvamltj
Sat May 02 15:32:49 +0000 2015,RT @topSuns: Solar Flares :Phoenix Suns top 5 stories of the week http://t.co/TCjDv5WfrM #Suns #NBA
Sat May 02 15:28:16 +0000 2015,#NBA New Orleans #Pelicans dispose of the Phoenix #Suns, 90-75 http://t.co/CkJwavghn3
Sat May 02 15:28:16 +0000 2015,After an odd year, the Phoenix #Suns face an uncertain #NBA future http://t.co/6pqSaMrjxc
Sat May 02 15:28:15 +0000 2015,After an odd year, the Phoenix #Suns face an uncertain future #NBA http://t.co/Dpge6jcofa
Sat May 02 15:28:10 +0000 2015,#NBA After an odd year, the Phoenix #Suns face an uncertain future http://t.co/Yp6LowL61y
Sat May 02 15:28:09 +0000 2015,After an odd #NBA year, the Phoenix #Suns face an uncertain future http://t.co/6lsTXy2CmA
Sat May 02 15:28:08 +0000 2015,After an odd year, the Phoenix #Suns face an uncertain future #NBA http://t.co/B6FCG7YJMD
Sat May 02 15:25:10 +0000 2015,Clippers Ballmer is a fan boy, and might not make it through the playoffs http://t.co/iEtKLiT6ri #Suns #NBA
Sat May 02 15:14:07 +0000 2015,Vintage Phoenix Suns NBA Kids Overalls TODDLER 2T http://t.co/QUT4rUUnAs #ShopEtsy #Suns http://t.co/5YjtYpYjEm
Sat May 02 15:12:54 +0000 2015,‚Äú@basketballsquid: @Sicksteen_216 on my #Suns I love it man‚ÄùüíØ
Sat May 02 15:07:30 +0000 2015,@Sicksteen_216 on my #Suns I love it man
Sat May 02 15:06:55 +0000 2015,#GOD #LORD #WOTAN has many #SUNSn' those who #MISBEHAVE are #THRASHED #STRIPPEDof their #POWERS n' their... http://t.co/aPVIKyeZyX
Sat May 02 15:06:26 +0000 2015,Phoenix #Suns' changes, issues complicate Jeff Hornacek's job #NBA http://t.co/15aLW5ApDE
Sat May 02 15:06:24 +0000 2015,#NBA After an odd year, the Phoenix #Suns face an uncertain future http://t.co/llIT4uiMmy
Sat May 02 15:06:21 +0000 2015,#NBA #Pelicans dispose of the #Suns, 90-75 http://t.co/hmSh8K7Mxx
Sat May 02 15:06:02 +0000 2015,#NBA After an odd year, the Phoenix #Suns face an uncertain future http://t.co/gmpjGtkVBA
Sat May 02 15:05:10 +0000 2015,Solar Flares :Phoenix Suns top 5 stories of the week http://t.co/TCjDv5WfrM #Suns #NBA
Sat May 02 14:45:09 +0000 2015,Suns Player Reviews :Jerel McNeal http://t.co/9TsOMj7mwg #Suns #NBA
Sat May 02 14:44:06 +0000 2015,#Suns' changes, issues complicate Jeff Hornacek's job #NBA http://t.co/Hgi14UlHrB
Sat May 02 14:44:05 +0000 2015,#NBA Phoenix #Suns' changes, issues complicate Jeff Hornacek's job http://t.co/kegbo1mebh
Sat May 02 14:37:27 +0000 2015,RT Futbolhaber16: Sunderland - SouthamptonLive Stream : http://t.co/aOhbBQorVW¬†#Matchday #PremierLeague #SUNS‚Ä¶ http://t.co/gOmIRzf6RU
Sat May 02 14:33:23 +0000 2015,#Sammy Hagar!   #Sunfest-Backstage!   #Captain Morgan Rum!   #Suns out, Rums out!   #Cheers!üòéüëçüé∂üé∏ http://t.co/qkOLF7WhEY
Sat May 02 14:25:09 +0000 2015,What if Suns Starred in Avengers :Age of Ultron? http://t.co/DNDijpdrEF #Suns #NBA
Sat May 02 14:22:17 +0000 2015,#NBA New Orleans #Pelicans dispose of the Phoenix #Suns, 90-75 http://t.co/EftRxiOaL7
Sat May 02 14:22:14 +0000 2015,#NBA #Suns' changes, issues complicate Jeff Hornacek's job http://t.co/CDfEKaSdat
Sat May 02 14:22:13 +0000 2015,#NBA The New Orleans #Pelicans dispose of the Phoenix #Suns, 90-75 http://t.co/IEtMh4AInR
Sat May 02 14:22:12 +0000 2015,After an odd year, the Phoenix #Suns face an uncertain future #NBA http://t.co/TORoh76pEl
Sat May 02 14:22:09 +0000 2015,#NBA #Pelicans dispose of the #Suns, 90-75 http://t.co/IPSZsViHOt
Sat May 02 14:00:56 +0000 2015,Phoenix #Suns' changes, issues complicate Jeff Hornacek's job #NBA http://t.co/GsqEDDyjf4
Sat May 02 14:00:55 +0000 2015,After an odd year, the Phoenix #Suns face an uncertain #NBA future http://t.co/ReMeDFnUXP
Sat May 02 14:00:54 +0000 2015,#NBA The New Orleans #Pelicans dispose of the Phoenix #Suns, 90-75 http://t.co/1mazg1UHfp
Sat May 02 14:00:49 +0000 2015,After an odd year, the Phoenix #Suns face an uncertain future #NBA http://t.co/Qj9KXcLijq
Sat May 02 13:53:53 +0000 2015,RT FutbolKolik16: Sunderland - SouthamptonLive Stream : http://t.co/aOhbBQorVW¬†#Matchday #PremierLeague #SUNS‚Ä¶ http://t.co/gOmIRzf6RU
Sat May 02 13:38:20 +0000 2015,#NBA The New Orleans #Pelicans dispose of the Phoenix #Suns, 90-75 http://t.co/2oVw2ZGG3T
Sat May 02 13:32:41 +0000 2015,http://t.co/dveizoxDox Report: Brandon Knight Wanted $48 Million From Milwaukee  #Suns http://t.co/dttolh5Dvo
Sat May 02 13:16:36 +0000 2015,http://t.co/dveizoxDox [True Hoop: Valley of the Suns] - Report: Brandon Knight Wanted $ #Suns http://t.co/Fs2ecGWDzF
Sat May 02 13:16:03 +0000 2015,#NBA Phoenix #Suns' changes, issues complicate Jeff Hornacek's job http://t.co/dD5hzOadN4
Sat May 02 13:01:11 +0000 2015,RT @Lakers_FZ: #NBA #Pelicans dispose of the #Suns, 90-75 http://t.co/cwPiTLZzqd
Sat May 02 12:54:34 +0000 2015,After an odd year, the Phoenix #Suns face an uncertain future #NBA http://t.co/wBDCN9fjh2
Sat May 02 12:54:33 +0000 2015,#NBA #Pelicans dispose of the #Suns, 90-75 http://t.co/cwPiTLZzqd
Sat May 02 12:54:30 +0000 2015,#NBA New Orleans #Pelicans dispose of the Phoenix #Suns, 90-75 http://t.co/Ij2ok5Zzpx
Sat May 02 12:54:01 +0000 2015,#NBA #Suns' changes, issues complicate Jeff Hornacek's job http://t.co/sxS7dt9Zgp
Sat May 02 12:32:02 +0000 2015,#NBA Phoenix #Suns' changes, issues complicate Jeff Hornacek's job http://t.co/ESr3VLXX0T
Sat May 02 12:21:40 +0000 2015,RT @topSuns: Damian Lillard To Seek Designated Five-Year Max Deal With Blazers http://t.co/a9U1coW6ph #Suns #NBA
Sat May 02 12:20:16 +0000 2015,Jaylen Brown Commits To California http://t.co/KSaHi8r13b #Suns #NBA
Sat May 02 12:10:34 +0000 2015,#NBA #Pelicans dispose of the #Suns, 90-75 http://t.co/FMUQVDoBff
Sat May 02 12:10:29 +0000 2015,After an odd #NBA year, the Phoenix #Suns face an uncertain future http://t.co/VEfsGZ9xDP
Sat May 02 12:07:54 +0000 2015,RT BingeTube: http://t.co/d524Gfylpq;: Phoenix #suns!!! http://t.co/IATGQEnSpI; #phoenix #cool #viral http://t.co/0z1PvJVdpf
Sat May 02 12:00:16 +0000 2015,Damian Lillard To Seek Designated Five-Year Max Deal With Blazers http://t.co/a9U1coW6ph #Suns #NBA
Sat May 02 11:55:31 +0000 2015,http://t.co/EEkB0NdMH9: Phoenix #suns!!! http://t.co/MDzk222r43 #phoenix
Sat May 02 11:48:27 +0000 2015,After an odd #NBA year, the Phoenix #Suns face an uncertain future http://t.co/pwILigoIA4
Sat May 02 11:48:05 +0000 2015,Phoenix #Suns' changes, issues complicate Jeff Hornacek's job #NBA http://t.co/YuM92s9rLe
Sat May 02 11:48:02 +0000 2015,#NBA #Pelicans dispose of the #Suns, 90-75 http://t.co/vsn5sVqegT
Sat May 02 11:26:26 +0000 2015,The New Orleans #Pelicans dispose of the Phoenix #Suns, 90-75 #NBA http://t.co/U6XEhNKjEP
Sat May 02 11:26:23 +0000 2015,The New Orleans #Pelicans dispose of the Phoenix #Suns, 90-75 #NBA http://t.co/8lY7uEN30t
Sat May 02 11:04:16 +0000 2015,The New Orleans #Pelicans dispose of the Phoenix #Suns, 90-75 #NBA http://t.co/GoIcNrJQ6n
Sat May 02 11:04:13 +0000 2015,#Suns' changes, issues complicate Jeff Hornacek's job #NBA http://t.co/TI1MVptBOq
Sat May 02 11:04:12 +0000 2015,#NBA #Suns' changes, issues complicate Jeff Hornacek's job http://t.co/CREbLweqqR
Sat May 02 11:04:11 +0000 2015,The New Orleans #Pelicans dispose of the Phoenix #Suns, 90-75 #NBA http://t.co/DQPcETXaEj
Sat May 02 11:04:10 +0000 2015,After an odd #NBA year, the Phoenix #Suns face an uncertain future http://t.co/Lpbtlm0PE4
Sat May 02 11:04:08 +0000 2015,After an odd #NBA year, the Phoenix #Suns face an uncertain future http://t.co/iaxwULijc7
Sat May 02 10:52:07 +0000 2015,Donovan, Blazers, Thunder http://t.co/1YRb1v72wQ #Suns #NBA http://t.co/9MydMM30aK
Sat May 02 10:42:24 +0000 2015,#NBA #Suns' changes, issues complicate Jeff Hornacek's job http://t.co/hvbBhGBss5
Sat May 02 10:42:24 +0000 2015,The New Orleans #Pelicans dispose of the Phoenix #Suns, 90-75 #NBA http://t.co/xGcawvM9px
Sat May 02 10:20:18 +0000 2015,#NBA After an odd year, the Phoenix #Suns face an uncertain future http://t.co/inUIuiNpSM
Sat May 02 10:20:16 +0000 2015,After an odd year, the Phoenix #Suns face an uncertain #NBA future http://t.co/OPQp0ryVlh
Sat May 02 10:20:11 +0000 2015,Northwest Notes :Donovan, Blazers, Thunder http://t.co/B8yYtVR704 #Suns #NBA
Sat May 02 10:07:48 +0000 2015,@92Davies @woofa305 haha i messaged him, kept my gloating private, he has had enough embarrassment for one day! #suns #bestteaminqld
Sat May 02 10:05:59 +0000 2015,RT NBA_Sneakers: #Suns Bucks have to keep Khris Middleton, who wants to stay: Kravtsov was dealt to the Phoeni... ‚Ä¶ http://t.co/0z1PvJVdpf
Sat May 02 10:00:10 +0000 2015,2014/15 D-League Usage Report :Pacers http://t.co/Rbgn0udrva #Suns #NBA
Sat May 02 09:59:08 +0000 2015,#Suns' changes, issues complicate Jeff Hornacek's job #NBA http://t.co/h8sfnqlLvP
Sat May 02 09:58:11 +0000 2015,#Suns' changes, issues complicate Jeff Hornacek's job #NBA http://t.co/IeuIHRfFgk
Sat May 02 09:58:09 +0000 2015,Phoenix #Suns' changes, issues complicate Jeff Hornacek's job #NBA http://t.co/GyTLAtm4sd
Sat May 02 09:58:09 +0000 2015,After an odd year, the Phoenix #Suns face an uncertain #NBA future http://t.co/cMP3usbVD4
Sat May 02 09:58:06 +0000 2015,After an odd #NBA year, the Phoenix #Suns face an uncertain future http://t.co/Wjtuz4v4ON
Sat May 02 09:58:03 +0000 2015,Phoenix #Suns' changes, issues complicate Jeff Hornacek's job #NBA http://t.co/5h2aYOmWzx
Sat May 02 09:53:18 +0000 2015,#Suns Bucks have to keep Khris Middleton, who wants to stay: Kravtsov was dealt to the Phoeni... http://t.co/C5zUYhvTTH #GoSuns #Phoenix
Sat May 02 09:40:03 +0000 2015,And-Ones :Huertas, NBA Draft, Towns http://t.co/U3MnFVqY70 #Suns #NBA
Sat May 02 09:36:17 +0000 2015,After an odd year, the Phoenix #Suns face an uncertain #NBA future http://t.co/sBkAqxJfMn
Sat May 02 09:36:16 +0000 2015,Phoenix #Suns' changes, issues complicate Jeff Hornacek's job #NBA http://t.co/tk0Al4MbtX
Sat May 02 09:36:14 +0000 2015,After an odd #NBA year, the Phoenix #Suns face an uncertain future http://t.co/cA5vfyJInG