Sat May 02 17:01:52 +0000 2015,RT @MNTimberwolves: Andrew Wiggins sat down with @WolvesRadio to reflect on his award-winning rookie season with the #Twolves. Watch: http:‚Ä¶
Sat May 02 16:37:07 +0000 2015,#Timberwolves #TWolves #Wolves Latest On Thaddeus Young, Option Decision http://t.co/YxzIsTthwL
Sat May 02 16:34:48 +0000 2015,RT @MNTimberwolves: Andrew Wiggins sat down with @WolvesRadio to reflect on his award-winning rookie season with the #Twolves. Watch: http:‚Ä¶
Sat May 02 16:34:29 +0000 2015,RT @MNTimberwolves: Andrew Wiggins sat down with @WolvesRadio to reflect on his award-winning rookie season with the #Twolves. Watch: http:‚Ä¶
Sat May 02 16:18:09 +0000 2015,RT @MNTimberwolves: Andrew Wiggins sat down with @WolvesRadio to reflect on his award-winning rookie season with the #Twolves. Watch: http:‚Ä¶
Sat May 02 16:17:20 +0000 2015,RT @MNTimberwolves: Andrew Wiggins sat down with @WolvesRadio to reflect on his award-winning rookie season with the #Twolves. Watch: http:‚Ä¶
Sat May 02 16:15:20 +0000 2015,RT @MNTimberwolves: Andrew Wiggins sat down with @WolvesRadio to reflect on his award-winning rookie season with the #Twolves. Watch: http:‚Ä¶
Sat May 02 16:11:16 +0000 2015,http://t.co/y2mpdiy2PY [Fansided: Dunking with Wolves] - Timberwolves must not draft Kris #NBA #TWolves http://t.co/WmwtU6eg1w
Sat May 02 16:02:06 +0000 2015,Andrew Wiggins Wins NBA Rookie of the Year, Sights Set on Pan Am Games. http://t.co/sdQz7u5xiz #panamgames #canada #twolves
Sat May 02 15:58:11 +0000 2015,RT @MNTimberwolves: Andrew Wiggins sat down with @WolvesRadio to reflect on his award-winning rookie season with the #Twolves. Watch: http:‚Ä¶
Sat May 02 15:28:05 +0000 2015,Andrew Wiggins sat down with #WolvesRadio to reflect on his award-winning rookie season with the #Twolves. Watch:‚Ä¶ http://t.co/0gT6ffCSV8
Sat May 02 15:26:07 +0000 2015,RT @TWolves_news: By :Marty Susman| http://t.co/s85hI3s2ta #NBA #TWolves
Sat May 02 15:25:49 +0000 2015,RT @MNTimberwolves: You want highlights? We have highlights. Check out the #Twolves Top 10 plays of the 2014-15 season: http://t.co/JcUcSxO‚Ä¶
Sat May 02 15:25:45 +0000 2015,RT @MNTimberwolves: Andrew Wiggins sat down with @WolvesRadio to reflect on his award-winning rookie season with the #Twolves. Watch: http:‚Ä¶
Sat May 02 15:20:06 +0000 2015,RT @MNTimberwolves: Andrew Wiggins sat down with @WolvesRadio to reflect on his award-winning rookie season with the #Twolves. Watch: http:‚Ä¶
Sat May 02 15:19:44 +0000 2015,RT @MNTimberwolves: Andrew Wiggins sat down with @WolvesRadio to reflect on his award-winning rookie season with the #Twolves. Watch: http:‚Ä¶
Sat May 02 15:17:45 +0000 2015,RT @MNTimberwolves: Andrew Wiggins sat down with @WolvesRadio to reflect on his award-winning rookie season with the #Twolves. Watch: http:‚Ä¶
Sat May 02 15:15:16 +0000 2015,Andrew Wiggins on being a Minnesota Timberwolf, ‚ÄúI hope I‚Äôm here forever.‚Äù üòÅüòÅüòÅ #Twolves
Sat May 02 15:12:28 +0000 2015,By :Marty Susman| http://t.co/s85hI3s2ta #NBA #TWolves
Sat May 02 15:07:53 +0000 2015,RT @MNTimberwolves: Andrew Wiggins sat down with @WolvesRadio to reflect on his award-winning rookie season with the #Twolves. Watch: http:‚Ä¶
Sat May 02 15:05:31 +0000 2015,RT @Twolves_PR: Wiggins posing for a photo with the #Twolves staff after a long day of interviews http://t.co/z3zl9pruBl
Sat May 02 15:05:15 +0000 2015,RT @MNTimberwolves: Andrew Wiggins sat down with @WolvesRadio to reflect on his award-winning rookie season with the #Twolves. Watch: http:‚Ä¶
Sat May 02 15:02:16 +0000 2015,The danger of the Wolves drafting Kristaps Porzingis: http://t.co/XcvMqXaNzo #Twolves
Sat May 02 15:01:28 +0000 2015,RT @MNTimberwolves: Andrew Wiggins sat down with @WolvesRadio to reflect on his award-winning rookie season with the #Twolves. Watch: http:‚Ä¶
Sat May 02 15:00:53 +0000 2015,RT @MNTimberwolves: Andrew Wiggins sat down with @WolvesRadio to reflect on his award-winning rookie season with the #Twolves. Watch: http:‚Ä¶
Sat May 02 15:00:20 +0000 2015,RT @MNTimberwolves: Andrew Wiggins sat down with @WolvesRadio to reflect on his award-winning rookie season with the #Twolves. Watch: http:‚Ä¶
Sat May 02 15:00:08 +0000 2015,Andrew Wiggins sat down with @WolvesRadio to reflect on his award-winning rookie season with the #Twolves. Watch: http://t.co/qZ3nqqw7dX
Sat May 02 14:58:38 +0000 2015,Timberwolves must not draft Kristaps Porzingis: As¬†a young team with a few promising pieces, those in... http://t.co/l9wMgQCt50 #TWolves
Sat May 02 14:56:34 +0000 2015,You want highlights? We have highlights. Check out the #Twolves Top 10 plays of the 2014-15 season:‚Ä¶ http://t.co/hzIoDSvBsp
Sat May 02 14:41:07 +0000 2015,RT @MNTimberwolves: You want highlights? We have highlights. Check out the #Twolves Top 10 plays of the 2014-15 season: http://t.co/JcUcSxO‚Ä¶
Sat May 02 14:37:26 +0000 2015,The Case for Zach LaVine| http://t.co/z1DHWXWWia #NBA #TWolves
Sat May 02 14:35:51 +0000 2015,RT @MNTimberwolves: You want highlights? We have highlights. Check out the #Twolves Top 10 plays of the 2014-15 season: http://t.co/JcUcSxO‚Ä¶
Sat May 02 14:34:19 +0000 2015,#Wolves Tweets: You want highlights? We have highlights. Check out the #Twolves Top 10‚Ä¶ http://t.co/FQDLQdAMeX #NBA http://t.co/f1Cox6rXP7
Sat May 02 14:30:38 +0000 2015,RT @MNTimberwolves: You want highlights? We have highlights. Check out the #Twolves Top 10 plays of the 2014-15 season: http://t.co/JcUcSxO‚Ä¶
Sat May 02 14:30:23 +0000 2015,RT @MNTimberwolves: You want highlights? We have highlights. Check out the #Twolves Top 10 plays of the 2014-15 season: http://t.co/JcUcSxO‚Ä¶
Sat May 02 14:30:05 +0000 2015,You want highlights? We have highlights. Check out the #Twolves Top 10 plays of the 2014-15 season: http://t.co/JcUcSxOl7u
Sat May 02 13:14:12 +0000 2015,Look what popped up today. Man this day was great!! Haha #Twolves http://t.co/PTdhASOtzj
Sat May 02 13:12:12 +0000 2015,On this day in 2013, GM David Kahn was fired by #TWolves he taught the NBA that drafting 3 PGs in one draft was a possibility #Pioneer
Sat May 02 12:28:43 +0000 2015,RT @NBA_Live_Talk: .@22wiggins is the first-ever Canadian-born player to win the Rookie of the Year award. üçÅ #VaughanCity #TWolves #NBA htt‚Ä¶
Sat May 02 11:07:14 +0000 2015,Andrew Wiggins mejor novato de la temporada 2014-2015| http://t.co/m2Agu53q7y #NBA #TWolves
Sat May 02 10:18:47 +0000 2015,RT @OwnersBoxNBA: #NBA #Timberwolves #TwolvesSG Chase Budinger has exercised his player option for the 2015-2016 season to remain with the‚Ä¶
Sat May 02 10:18:19 +0000 2015,RT @OwnersBoxNBA: #NBA #Timberwolves #TwolvesAndrew Wiggins has been named the NBA's 2014-15 'Rookie of the Year'.
Sat May 02 09:57:35 +0000 2015,NBA Predictions| http://t.co/Tvho5s69EL #NBA #TWolves
Sat May 02 09:36:08 +0000 2015,#Timberwolves #TWolves #Forum Neil Paine on Wiggins http://t.co/iLMTOFUocZ
Sat May 02 09:22:33 +0000 2015,Winning NBA Rookie of the Year Is Perfect Launching Pad for Andrew Wiggins| http://t.co/RGOxZ2JAZM #NBA #TWolves
Sat May 02 08:47:31 +0000 2015,Thunder&amp;#8217;s Playoff Streak Ends at 5 Years| http://t.co/qHXJPOMtuv #NBA #TWolves
Sat May 02 08:29:41 +0000 2015,@room9271 Veeeeeeeeeeeeeeeery Beautiful üíï #DeadMeat #BittenS2 #TWolves
Sat May 02 08:28:30 +0000 2015,http://t.co/y2mpdiy2PY [Pioneer Press] - Hawks rediscover their game in finishing off the #NBA #TWolves http://t.co/vU50p8vibg
Sat May 02 06:35:36 +0000 2015,http://t.co/qbG97MyA7H Hawks finish off Nets with 111-87 win in Game 6, will host Washing #NBA #TWolves http://t.co/6BIlDRYtXL
Sat May 02 05:52:21 +0000 2015,Andrew Wiggins Wins 2014-15 NBA Rookie of the Year Award| http://t.co/UdZXvYRgUK #NBA #TWolves
Sat May 02 05:48:35 +0000 2015,http://t.co/y2mpdiy2PY [NBA] - Nets Proud of Pushing Hawks in Six-Game Series But Disappo #NBA #TWolves http://t.co/YI2SCqRmDI
Sat May 02 05:32:53 +0000 2015,#Timberwolves #TWolves Hawks finish off Nets with 111-87 win in Game 6, will host Washington on Sunday http://t.co/7yGhWxO3v7
Sat May 02 05:27:53 +0000 2015,#Timberwolves #TWolves One more game: Spurs, Clippers prepare for all-or-nothing Game 7 in Los Angeles http://t.co/lqICy2WIfF
Sat May 02 05:22:53 +0000 2015,#Timberwolves #TWolves Bucks coach Jason Kidd looks ahead to what he sees as bright future http://t.co/U2l7MemBMg
Sat May 02 05:22:49 +0000 2015,RT @Twolves_PR: Wiggins posing for a photo with the #Twolves staff after a long day of interviews http://t.co/z3zl9pruBl
Sat May 02 05:18:04 +0000 2015,#Timberwolves #TWolves Nets try to extend close, competitive series against No. 1 seed Hawks with Game 6 victory http://t.co/QJgkdznGfD
Sat May 02 05:13:14 +0000 2015,#Timberwolves #TWolves Oklahoma City Thunder introduce new coach Billy Donovan http://t.co/6L4WPF4p6F
Sat May 02 05:08:09 +0000 2015,#Timberwolves #TWolves Bulls face LeBron James and the Cleveland Cavaliers in the second round http://t.co/1kYwRokHfC
Sat May 02 04:54:25 +0000 2015,http://t.co/LpVHdHWD04 Minnesota Timberwolves Miller Genuine Draft Pint Glasses - Set  #TWolves http://t.co/N7KAUmuNjv
Sat May 02 04:29:41 +0000 2015,http://t.co/vzOUYGKlWD Warriors GM Bob Myers voted NBA 's executive of the year (The A #NBA #TWolves http://t.co/K4hcNpp2EP
Sat May 02 03:32:13 +0000 2015,Wolves Big Board, 2012| http://t.co/WbEI0btHeZ #NBA #TWolves
Sat May 02 03:08:34 +0000 2015,RT @Twolves_PR: Wiggins posing for a photo with the #Twolves staff after a long day of interviews http://t.co/z3zl9pruBl
Sat May 02 02:52:34 +0000 2015,#Twolves #Lynx all staff photo with #ROY #22wiggins http://t.co/35NOasY7HH http://t.co/QMrUoi3mq2
Sat May 02 02:22:19 +0000 2015,RT @MinnesotaMunn: #Twolves #Lynx all staff photo with #ROY @22wiggins http://t.co/WYuEe8wncA
Sat May 02 02:20:57 +0000 2015,RT @MinnesotaMunn: #Twolves #Lynx all staff photo with #ROY @22wiggins http://t.co/WYuEe8wncA
Sat May 02 02:17:14 +0000 2015,http://t.co/LpVHdHWD04 NEW-OFFICIAL LICENSE NBA-MINNESOTA TIMBERWOLVES-CHROME METAL-LI #TWolves http://t.co/FWsstdOfmL
Sat May 02 02:16:26 +0000 2015,RT @MinnesotaMunn: #Twolves #Lynx all staff photo with #ROY @22wiggins http://t.co/WYuEe8wncA
Sat May 02 02:14:55 +0000 2015,When do the #Twolves play? @Mrjustinevans
Sat May 02 02:11:42 +0000 2015,#Twolves #Lynx all staff photo with #ROY @22wiggins http://t.co/WYuEe8wncA
Sat May 02 01:40:18 +0000 2015,RT @LindseyMNSports: Our first @minnesotalynx #FanOfThePack feature will be on @Vanshay14 -- watch for it early next week! #TWolves #Lynx @‚Ä¶
Sat May 02 00:37:27 +0000 2015,Ranking the Minnesota Rookies of the Year over the past 25 seasons| http://t.co/qBllMRySZB #NBA #TWolves
Sat May 02 00:27:49 +0000 2015,RT @howlintwolf: New at HTW: Exit Interviews: Adreian Payne READ: http://t.co/FMhBXMNevTBy: @AaronGroshong #NBA #Twolves
Sat May 02 00:14:19 +0000 2015,http://t.co/y2mpdiy2PY [Pioneer Press] - One more game: Spurs, Clippers prepare for all-o #NBA #TWolves http://t.co/h3A9aFt0jS
Fri May 01 23:40:31 +0000 2015,#TWolves Andrew Wiggins And The Problem With Scorers #NBA http://t.co/SeTZxUVcmS
Fri May 01 23:27:23 +0000 2015,Blue Jays, Bills, Timberwolves and Oilers Are Parched in the Postseason| http://t.co/xYwQXe19Vn #NBA #TWolves
Fri May 01 23:26:35 +0000 2015,It's May 1, which means just 19 days until we find out the #Twolves final draft position. http://t.co/2Uo14AoqG6
Fri May 01 23:20:38 +0000 2015,RT @Twolves_PR: Wolves are in Kevin Heaven! #Twolves http://t.co/kxbFv6YXGZ
Fri May 01 23:06:52 +0000 2015,http://t.co/vzOUYGKlWD Warriors GM Bob Myers voted NBA 's executive of the year (The A #NBA #TWolves http://t.co/TLbor2qj82
Fri May 01 22:37:09 +0000 2015,RT @howlintwolf: New at HTW: Exit Interviews: Adreian Payne READ: http://t.co/FMhBXMNevTBy: @AaronGroshong #NBA #Twolves
Fri May 01 22:37:06 +0000 2015,#Timberwolves #TWolves Warriors GM Bob Myers voted NBA's executive of the year (The Associated Press) http://t.co/KcVdWaxk1G
Fri May 01 22:28:26 +0000 2015,New at HTW: Exit Interviews: Adreian Payne READ: http://t.co/FMhBXMNevTBy: @AaronGroshong #NBA #Twolves
Fri May 01 21:51:00 +0000 2015,RT @TWolves_news: By :Marty Susman| http://t.co/s85hI3s2ta #NBA #TWolves
Fri May 01 21:47:01 +0000 2015,RT @timberpupsblog: It's May 1, which means just 19 days until we find out the #Twolves final draft position.
Fri May 01 21:42:17 +0000 2015,By :Marty Susman| http://t.co/s85hI3s2ta #NBA #TWolves
Fri May 01 21:21:29 +0000 2015,http://t.co/y2mpdiy2PY [Howlin' T-Wolf] - Exit Interviews: Shabazz Muhammad  #NBA #TWolves http://t.co/dugWuA0onJ
Fri May 01 21:08:28 +0000 2015,#Timberwolves #TWolves Klay Thompson's father reminds us that Kevin Durant could join the Warriors in 2016 (Ba.. http://t.co/ChpBKjcvid
Fri May 01 20:18:45 +0000 2015,RT @timberpupsblog: It's May 1, which means just 19 days until we find out the #Twolves final draft position.
Fri May 01 20:18:45 +0000 2015,RT @timberpupsblog: It's May 1, which means just 19 days until we find out the #Twolves final draft position.
Fri May 01 20:09:03 +0000 2015,#Timberwolves #TWolves #Wolves Andrew Wiggins And The Problem With Scorers http://t.co/3lgMi0ymTg
Fri May 01 20:04:40 +0000 2015,http://t.co/vzOUYGKlWD Bob Myers wins the Executive of the Year Award, in a semi-surpr #NBA #TWolves http://t.co/HQG33QHTIR
Fri May 01 19:55:40 +0000 2015,Congrats Andrew Wiggins!#ROY #Twolves #22
Fri May 01 19:51:51 +0000 2015,It's May 1, which means just 19 days until we find out the #Twolves final draft position.
Fri May 01 19:13:54 +0000 2015,The Washington Senators were the Minnesota Timberwolves of their day #twolves  http://t.co/gdoyrVKqgf
Fri May 01 18:45:12 +0000 2015,RT @MNTimberwolves Make way for the future. #EyesOnTheRise #WigginsROYhttps://t.co/ZQPPxqm1Ul  #timberwolves #twolves
Fri May 01 18:43:23 +0000 2015,RT @Twolves_PR: Wiggins posing for a photo with the #Twolves staff after a long day of interviews http://t.co/z3zl9pruBl
Fri May 01 18:42:47 +0000 2015,#timberwolves: Simons Says | The Kid Is King  #twolves
Fri May 01 18:35:19 +0000 2015,http://t.co/y2mpdiy2PY [SB Nation: Canis Hoopus] - The Case for Zach LaVine  #NBA #TWolves http://t.co/LM6pRbVTZ8
Fri May 01 18:25:09 +0000 2015,http://t.co/vzOUYGKlWD Simons Says | The Kid Is King  #TWolves http://t.co/3Zfkc5mx7O
Fri May 01 18:21:30 +0000 2015,RT @LindseyMNSports: Our first @minnesotalynx #FanOfThePack feature will be on @Vanshay14 -- watch for it early next week! #TWolves #Lynx @‚Ä¶
Fri May 01 18:16:16 +0000 2015,RT @Twolves_PR: Missed yesterday's ROY press conference? Watch it in full on http://t.co/xKpVerjLt9... http://t.co/CYdI5Ej3oY #Twolves